city,timestamp,api_aqi,CO,NO,NO2,O3,SO2,PM2_5,PM10,NH3,hour,day,month,weekday,is_weekend,AQI_lag_1,AQI_lag_3,AQI_lag_6,AQI_lag_12,AQI_lag_24,AQI_change,AQI_change_rate,AQI_rolling_mean_3,AQI_rolling_mean_6,AQI_rolling_std_6,target_AQI_24h,target_AQI_48h,target_AQI_72h
Lahore,2026-08-06 11:00:00+00:00,4,244.13,0.69,3.79,77.09,1.29,36.15,105.64,3.29,11,6,8,3,0,,,,,,,,,,,5.0,3.0,3.0
Lahore,2026-08-06 12:00:00+00:00,4,297.86,0.9,6.27,74.18,1.59,39.53,107.88,4.89,12,6,8,3,0,4.0,,,,,0.0,0.0,,,,5.0,3.0,3.0
Lahore,2026-08-06 13:00:00+00:00,4,354.21,0.62,9.64,67.87,1.84,41.84,109.1,6.32,13,6,8,3,0,4.0,,,,,0.0,0.0,4.0,,,5.0,2.0,3.0
Lahore,2026-08-06 14:00:00+00:00,4,391.03,0.06,11.01,57.29,1.83,42.79,106.52,5.88,14,6,8,3,0,4.0,4.0,,,,0.0,0.0,4.0,,,5.0,2.0,3.0
Lahore,2026-08-06 15:00:00+00:00,3,386.67,0.0,10.04,56.65,2.02,41.96,99.02,4.97,15,6,8,3,0,4.0,4.0,,,,-1.0,-0.25,3.6666666666666665,,,5.0,2.0,3.0
Lahore,2026-08-06 16:00:00+00:00,3,342.34,0.0,8.2,64.28,3.2,39.65,85.2,3.45,16,6,8,3,0,3.0,4.0,,,,0.0,0.0,3.3333333333333335,3.6666666666666665,0.5163977794943222,5.0,2.0,3.0
Lahore,2026-08-06 17:00:00+00:00,3,362.63,0.0,8.73,66.66,5.06,42.74,76.43,3.12,17,6,8,3,0,3.0,4.0,4.0,,,0.0,0.0,3.0,3.5,0.547722557505166,5.0,2.0,3.0
Lahore,2026-08-06 18:00:00+00:00,3,386.72,0.0,9.07,69.48,6.61,47.84,72.58,2.86,18,6,8,3,0,3.0,3.0,4.0,,,0.0,0.0,3.0,3.3333333333333335,0.516397779494322,5.0,3.0,4.0
Lahore,2026-08-06 19:00:00+00:00,4,400.84,0.0,8.97,69.29,7.06,51.96,71.01,2.6,19,6,8,3,0,3.0,3.0,4.0,,,1.0,0.33333333333333326,3.3333333333333335,3.3333333333333335,0.516397779494322,5.0,3.0,4.0
Lahore,2026-08-06 20:00:00+00:00,4,413.05,0.0,8.78,65.44,6.43,54.06,70.75,2.52,20,6,8,3,0,4.0,3.0,4.0,,,0.0,0.0,3.6666666666666665,3.3333333333333335,0.516397779494322,5.0,3.0,4.0
Lahore,2026-08-06 21:00:00+00:00,4,420.54,0.0,8.64,59.47,5.37,53.84,70.28,2.53,21,6,8,3,0,4.0,3.0,3.0,,,0.0,0.0,4.0,3.5,0.547722557505166,5.0,3.0,4.0
Lahore,2026-08-06 22:00:00+00:00,4,421.18,0.0,8.47,54.47,4.47,52.07,69.47,2.44,22,6,8,3,0,4.0,4.0,3.0,,,0.0,0.0,4.0,3.6666666666666665,0.5163977794943222,5.0,3.0,4.0
Lahore,2026-08-06 23:00:00+00:00,4,430.25,0.0,8.47,49.92,3.75,51.86,69.2,2.28,23,6,8,3,0,4.0,4.0,3.0,4.0,,0.0,0.0,4.0,3.8333333333333335,0.408248290463863,5.0,3.0,4.0
Lahore,2026-08-07 00:00:00+00:00,4,460.48,0.0,8.78,43.97,3.26,54.3,69.76,2.17,0,7,8,4,0,4.0,4.0,3.0,4.0,,0.0,0.0,4.0,4.0,0.0,5.0,3.0,4.0
Lahore,2026-08-07 01:00:00+00:00,4,511.12,0.0,9.03,37.67,3.13,59.18,71.72,2.03,1,7,8,4,0,4.0,4.0,4.0,4.0,,0.0,0.0,4.0,4.0,0.0,4.0,3.0,4.0
Lahore,2026-08-07 02:00:00+00:00,4,572.04,0.27,9.19,34.18,3.44,64.38,75.05,1.92,2,7,8,4,0,4.0,4.0,4.0,4.0,,0.0,0.0,4.0,4.0,0.0,4.0,3.0,4.0
Lahore,2026-08-07 03:00:00+00:00,4,616.14,1.06,8.77,38.04,3.98,67.47,77.4,1.8,3,7,8,4,0,4.0,4.0,4.0,3.0,,0.0,0.0,4.0,4.0,0.0,4.0,3.0,4.0
Lahore,2026-08-07 04:00:00+00:00,4,588.65,1.13,7.57,58.02,4.83,66.41,77.26,1.5,4,7,8,4,0,4.0,4.0,4.0,3.0,,0.0,0.0,4.0,4.0,0.0,3.0,3.0,3.0
Lahore,2026-08-07 05:00:00+00:00,5,607.1,0.95,6.06,82.34,4.66,77.01,88.17,1.61,5,7,8,4,0,4.0,4.0,4.0,3.0,,1.0,0.25,4.333333333333333,4.166666666666667,0.4082482904638634,3.0,3.0,3.0
Lahore,2026-08-07 06:00:00+00:00,5,638.15,0.54,4.25,116.36,4.23,97.56,108.86,1.44,6,7,8,4,0,5.0,4.0,4.0,3.0,,0.0,0.0,4.666666666666667,4.333333333333333,0.5163977794943228,3.0,4.0,3.0
Lahore,2026-08-07 07:00:00+00:00,4,451.33,0.22,1.93,131.54,3.14,74.04,90.72,0.65,7,7,8,4,0,5.0,4.0,4.0,4.0,,-1.0,-0.19999999999999996,4.666666666666667,4.333333333333333,0.5163977794943228,3.0,3.0,3.0
Lahore,2026-08-07 08:00:00+00:00,4,391.99,0.16,1.4,132.33,2.45,63.31,80.27,0.48,8,7,8,4,0,4.0,5.0,4.0,4.0,,0.0,0.0,4.333333333333333,4.333333333333333,0.5163977794943228,3.0,3.0,3.0
Lahore,2026-08-07 09:00:00+00:00,4,412.94,0.15,1.43,137.7,2.41,64.98,79.9,0.51,9,7,8,4,0,4.0,5.0,4.0,4.0,,0.0,0.0,4.0,4.333333333333333,0.5163977794943228,3.0,3.0,3.0
Lahore,2026-08-07 10:00:00+00:00,4,453.26,0.18,1.89,141.77,2.6,70.09,83.25,0.86,10,7,8,4,0,4.0,4.0,4.0,4.0,,0.0,0.0,4.0,4.333333333333333,0.5163977794943228,3.0,3.0,3.0
Lahore,2026-08-07 11:00:00+00:00,5,508.32,0.22,2.85,143.29,2.88,78.16,90.02,1.56,11,7,8,4,0,4.0,4.0,5.0,4.0,4.0,1.0,0.25,4.333333333333333,4.333333333333333,0.5163977794943228,3.0,3.0,3.0
Lahore,2026-08-07 12:00:00+00:00,5,567.67,0.22,4.36,143.38,3.18,85.71,96.58,2.26,12,7,8,4,0,5.0,4.0,5.0,4.0,4.0,0.0,0.0,4.666666666666667,4.333333333333333,0.5163977794943228,3.0,3.0,3.0
Lahore,2026-08-07 13:00:00+00:00,5,679.05,0.17,9.06,123.4,3.35,94.79,105.59,4.13,13,7,8,4,0,5.0,4.0,4.0,4.0,4.0,0.0,0.0,5.0,4.5,0.5477225575051666,2.0,3.0,4.0
Lahore,2026-08-07 14:00:00+00:00,5,823.37,0.02,14.56,92.58,3.35,105.19,117.01,6.59,14,7,8,4,0,5.0,5.0,4.0,4.0,4.0,0.0,0.0,5.0,4.666666666666667,0.516397779494323,2.0,3.0,4.0
Lahore,2026-08-07 15:00:00+00:00,5,950.93,0.0,17.84,71.65,3.34,114.97,128.19,8.55,15,7,8,4,0,5.0,5.0,4.0,4.0,3.0,0.0,0.0,5.0,4.833333333333333,0.40824829046386424,2.0,3.0,4.0
Lahore,2026-08-07 16:00:00+00:00,5,1047.6,0.0,19.91,57.74,3.1,123.89,137.78,8.98,16,7,8,4,0,5.0,5.0,4.0,4.0,3.0,0.0,0.0,5.0,5.0,0.0,2.0,3.0,4.0
Lahore,2026-08-07 17:00:00+00:00,5,1108.49,0.0,20.25,49.16,2.75,130.93,144.44,7.98,17,7,8,4,0,5.0,5.0,5.0,5.0,3.0,0.0,0.0,5.0,5.0,0.0,2.0,3.0,4.0
Lahore,2026-08-07 18:00:00+00:00,5,1113.76,0.0,18.84,47.26,2.49,132.21,144.22,6.59,18,7,8,4,0,5.0,5.0,5.0,5.0,3.0,0.0,0.0,5.0,5.0,0.0,3.0,4.0,4.0
Lahore,2026-08-07 19:00:00+00:00,5,999.77,0.0,13.54,61.36,2.56,122.09,130.94,4.72,19,7,8,4,0,5.0,5.0,5.0,4.0,4.0,0.0,0.0,5.0,5.0,0.0,3.0,4.0,4.0
Lahore,2026-08-07 20:00:00+00:00,5,953.13,0.0,12.59,53.63,2.22,114.83,122.57,3.92,20,7,8,4,0,5.0,5.0,5.0,4.0,4.0,0.0,0.0,5.0,5.0,0.0,3.0,4.0,4.0
Lahore,2026-08-07 21:00:00+00:00,5,925.98,0.0,12.49,43.84,1.91,108.47,115.83,3.76,21,7,8,4,0,5.0,5.0,5.0,4.0,4.0,0.0,0.0,5.0,5.0,0.0,3.0,4.0,4.0
Lahore,2026-08-07 22:00:00+00:00,5,906.37,0.0,12.49,35.93,1.76,102.59,109.63,3.59,22,7,8,4,0,5.0,5.0,5.0,4.0,4.0,0.0,0.0,5.0,5.0,0.0,3.0,4.0,3.0
Lahore,2026-08-07 23:00:00+00:00,5,879.39,0.0,11.99,31.52,1.82,95.06,101.28,2.79,23,7,8,4,0,5.0,5.0,5.0,5.0,4.0,0.0,0.0,5.0,5.0,0.0,3.0,4.0,3.0
Lahore,2026-08-08 00:00:00+00:00,5,838.73,0.0,10.97,30.69,2.14,84.87,89.91,2.13,0,8,8,5,1,5.0,5.0,5.0,5.0,4.0,0.0,0.0,5.0,5.0,0.0,3.0,4.0,3.0
Lahore,2026-08-08 01:00:00+00:00,4,768.61,0.0,8.77,37.13,2.73,71.1,74.85,1.53,1,8,8,5,1,5.0,5.0,5.0,5.0,4.0,-1.0,-0.19999999999999996,4.666666666666667,4.833333333333333,0.40824829046386424,3.0,4.0,3.0
Lahore,2026-08-08 02:00:00+00:00,4,731.84,0.13,8.07,40.59,2.83,61.36,64.54,1.4,2,8,8,5,1,4.0,5.0,5.0,5.0,4.0,0.0,0.0,4.333333333333333,4.666666666666667,0.516397779494323,3.0,4.0,3.0
Lahore,2026-08-08 03:00:00+00:00,4,700.62,0.68,7.05,50.91,2.87,54.5,57.52,1.41,3,8,8,5,1,4.0,5.0,5.0,5.0,4.0,0.0,0.0,4.0,4.5,0.5477225575051666,3.0,4.0,4.0
Lahore,2026-08-08 04:00:00+00:00,3,611.16,0.54,4.42,83.64,2.43,43.06,45.5,0.77,4,8,8,5,1,4.0,4.0,5.0,5.0,4.0,-1.0,-0.25,3.6666666666666665,4.166666666666667,0.7527726527090816,3.0,3.0,3.0
Lahore,2026-08-08 05:00:00+00:00,3,556.25,0.31,3.02,102.96,1.95,36.54,38.34,0.54,5,8,8,5,1,3.0,4.0,5.0,5.0,5.0,0.0,0.0,3.3333333333333335,3.8333333333333335,0.7527726527090816,3.0,3.0,3.0
Lahore,2026-08-08 06:00:00+00:00,3,521.46,0.22,2.57,107.06,1.69,31.66,32.97,0.52,6,8,8,5,1,3.0,4.0,5.0,5.0,5.0,0.0,0.0,3.0,3.5,0.547722557505167,4.0,3.0,3.0
Lahore,2026-08-08 07:00:00+00:00,3,511.23,0.18,2.84,105.16,1.73,30.64,31.88,0.74,7,8,8,5,1,3.0,3.0,4.0,5.0,4.0,0.0,0.0,3.0,3.3333333333333335,0.5163977794943232,3.0,3.0,3.0
Lahore,2026-08-08 08:00:00+00:00,3,518.06,0.17,3.55,99.7,1.98,33.53,34.9,1.14,8,8,8,5,1,3.0,3.0,4.0,5.0,4.0,0.0,0.0,3.0,3.1666666666666665,0.408248290463864,3.0,3.0,3.0
Lahore,2026-08-08 09:00:00+00:00,3,516.16,0.11,4.09,93.92,1.97,33.84,35.24,1.37,9,8,8,5,1,3.0,3.0,4.0,5.0,4.0,0.0,0.0,3.0,3.0,0.0,3.0,3.0,3.0
Lahore,2026-08-08 10:00:00+00:00,3,495.07,0.07,4.26,88.3,1.76,31.2,32.59,1.51,10,8,8,5,1,3.0,3.0,3.0,5.0,4.0,0.0,0.0,3.0,3.0,0.0,3.0,3.0,3.0
Lahore,2026-08-08 11:00:00+00:00,3,474.04,0.06,4.35,84.37,1.58,28.41,29.83,1.69,11,8,8,5,1,3.0,3.0,3.0,5.0,5.0,0.0,0.0,3.0,3.0,0.0,3.0,3.0,3.0
Lahore,2026-08-08 12:00:00+00:00,3,457.07,0.05,4.62,80.81,1.49,25.95,27.46,1.9,12,8,8,5,1,3.0,3.0,3.0,5.0,5.0,0.0,0.0,3.0,3.0,0.0,3.0,3.0,3.0
Lahore,2026-08-08 13:00:00+00:00,2,449.97,0.03,5.16,77.04,1.5,24.35,26.03,2.18,13,8,8,5,1,3.0,3.0,3.0,4.0,5.0,-1.0,-0.33333333333333337,2.6666666666666665,2.8333333333333335,0.408248290463864,3.0,4.0,3.0
Lahore,2026-08-08 14:00:00+00:00,2,454.45,0.0,5.88,72.38,1.6,23.91,25.93,2.56,14,8,8,5,1,2.0,3.0,3.0,4.0,5.0,0.0,0.0,2.3333333333333335,2.6666666666666665,0.5163977794943232,3.0,4.0,2.0
Lahore,2026-08-08 15:00:00+00:00,2,460.97,0.0,6.46,67.86,1.7,23.73,26.12,2.85,15,8,8,5,1,2.0,3.0,3.0,4.0,5.0,0.0,0.0,2.0,2.5,0.5477225575051671,3.0,4.0,2.0
Lahore,2026-08-08 16:00:00+00:00,2,471.19,0.0,7.17,62.23,1.74,23.8,26.55,3.08,16,8,8,5,1,2.0,2.0,3.0,3.0,5.0,0.0,0.0,2.0,2.3333333333333335,0.5163977794943234,3.0,4.0,2.0
Lahore,2026-08-08 17:00:00+00:00,2,491.26,0.0,8.11,55.18,1.72,24.59,27.82,3.26,17,8,8,5,1,2.0,2.0,3.0,3.0,5.0,0.0,0.0,2.0,2.1666666666666665,0.4082482904638645,3.0,4.0,2.0
Lahore,2026-08-08 18:00:00+00:00,3,507.98,0.0,8.73,49.87,1.64,25.31,28.82,3.12,18,8,8,5,1,2.0,2.0,3.0,3.0,5.0,1.0,0.5,2.3333333333333335,2.1666666666666665,0.4082482904638645,4.0,4.0,3.0
Lahore,2026-08-08 19:00:00+00:00,3,518.96,0.0,9.12,44.84,1.56,26.08,29.49,2.82,19,8,8,5,1,3.0,2.0,2.0,3.0,5.0,0.0,0.0,2.6666666666666665,2.3333333333333335,0.5163977794943234,4.0,4.0,3.0
Lahore,2026-08-08 20:00:00+00:00,3,536.07,0.0,9.64,39.23,1.48,27.55,30.9,2.78,20,8,8,5,1,3.0,2.0,2.0,3.0,5.0,0.0,0.0,3.0,2.5,0.5477225575051671,4.0,4.0,3.0
Lahore,2026-08-08 21:00:00+00:00,3,556.6,0.0,10.16,34.02,1.43,29.48,32.87,2.99,21,8,8,5,1,3.0,3.0,2.0,3.0,5.0,0.0,0.0,3.0,2.6666666666666665,0.5163977794943232,4.0,4.0,3.0
Lahore,2026-08-08 22:00:00+00:00,3,577.46,0.0,10.58,29.88,1.69,31.18,34.52,3.03,22,8,8,5,1,3.0,3.0,2.0,3.0,5.0,0.0,0.0,3.0,2.8333333333333335,0.408248290463864,4.0,3.0,3.0
Lahore,2026-08-08 23:00:00+00:00,3,595.28,0.0,10.49,27.76,1.94,32.74,35.77,2.58,23,8,8,5,1,3.0,3.0,2.0,3.0,5.0,0.0,0.0,3.0,3.0,0.0,4.0,3.0,3.0
Lahore,2026-08-09 00:00:00+00:00,3,607.67,0.0,9.8,28.6,2.0,34.41,36.92,2.03,0,9,8,6,1,3.0,3.0,3.0,3.0,5.0,0.0,0.0,3.0,3.0,0.0,4.0,3.0,3.0
Lahore,2026-08-09 01:00:00+00:00,3,617.22,0.0,8.56,32.63,1.96,35.59,37.56,1.6,1,9,8,6,1,3.0,3.0,3.0,2.0,4.0,0.0,0.0,3.0,3.0,0.0,4.0,3.0,3.0
Lahore,2026-08-09 02:00:00+00:00,3,641.62,0.06,8.73,30.97,1.89,36.15,38.23,1.83,2,9,8,6,1,3.0,3.0,3.0,2.0,4.0,0.0,0.0,3.0,3.0,0.0,4.0,3.0,3.0
Lahore,2026-08-09 03:00:00+00:00,3,676.85,0.43,9.35,29.29,1.9,37.34,39.76,2.27,3,9,8,6,1,3.0,3.0,3.0,2.0,4.0,0.0,0.0,3.0,3.0,0.0,4.0,4.0,3.0
Lahore,2026-08-09 04:00:00+00:00,3,708.77,1.25,8.82,32.8,1.87,39.63,42.31,2.46,4,9,8,6,1,3.0,3.0,3.0,2.0,3.0,0.0,0.0,3.0,3.0,0.0,3.0,3.0,3.0
Lahore,2026-08-09 05:00:00+00:00,3,712.22,1.45,7.39,45.86,1.77,44.62,47.3,2.22,5,9,8,6,1,3.0,3.0,3.0,2.0,3.0,0.0,0.0,3.0,3.0,0.0,3.0,3.0,3.0
Lahore,2026-08-09 06:00:00+00:00,4,691.96,0.89,5.38,72.98,1.71,56.41,58.83,1.93,6,9,8,6,1,3.0,3.0,3.0,3.0,3.0,1.0,0.33333333333333326,3.3333333333333335,3.1666666666666665,0.408248290463864,3.0,3.0,3.0
Lahore,2026-08-09 07:00:00+00:00,3,582.03,0.25,2.32,111.28,1.14,41.3,42.41,0.53,7,9,8,6,1,4.0,3.0,3.0,3.0,3.0,-1.0,-0.25,3.3333333333333335,3.1666666666666665,0.408248290463864,3.0,3.0,3.0
Lahore,2026-08-09 08:00:00+00:00,3,536.53,0.14,1.65,119.29,0.8,31.31,32.07,0.44,8,9,8,6,1,3.0,3.0,3.0,3.0,3.0,0.0,0.0,3.3333333333333335,3.1666666666666665,0.408248290463864,3.0,3.0,3.0
Lahore,2026-08-09 09:00:00+00:00,3,521.47,0.12,1.61,121.22,0.74,29.6,30.33,0.54,9,9,8,6,1,3.0,4.0,3.0,3.0,3.0,0.0,0.0,3.0,3.1666666666666665,0.408248290463864,3.0,3.0,3.0
Lahore,2026-08-09 10:00:00+00:00,3,529.8,0.14,2.31,116.97,0.8,30.56,31.52,1.11,10,9,8,6,1,3.0,3.0,3.0,3.0,3.0,0.0,0.0,3.0,3.1666666666666665,0.408248290463864,3.0,3.0,3.0
Lahore,2026-08-09 11:00:00+00:00,3,550.06,0.16,3.78,107.42,0.93,32.74,34.16,2.09,11,9,8,6,1,3.0,3.0,3.0,3.0,3.0,0.0,0.0,3.0,3.1666666666666665,0.408248290463864,3.0,3.0,3.0
Lahore,2026-08-09 12:00:00+00:00,3,575.63,0.12,5.69,100.17,1.09,33.99,35.84,3.06,12,9,8,6,1,3.0,3.0,4.0,3.0,3.0,0.0,0.0,3.0,3.0,0.0,3.0,3.0,3.0
Lahore,2026-08-09 13:00:00+00:00,3,629.58,0.1,9.12,86.93,1.38,36.31,39.03,4.71,13,9,8,6,1,3.0,3.0,3.0,3.0,2.0,0.0,0.0,3.0,3.0,0.0,4.0,3.0,3.0
Lahore,2026-08-09 14:00:00+00:00,3,702.23,0.01,12.57,68.42,1.59,39.85,43.92,6.21,14,9,8,6,1,3.0,3.0,3.0,3.0,2.0,0.0,0.0,3.0,3.0,0.0,4.0,2.0,3.0
Lahore,2026-08-09 15:00:00+00:00,3,768.52,0.0,14.76,53.95,1.67,43.3,48.73,6.53,15,9,8,6,1,3.0,3.0,3.0,3.0,2.0,0.0,0.0,3.0,3.0,0.0,4.0,2.0,3.0
Lahore,2026-08-09 16:00:00+00:00,3,822.53,0.0,16.33,42.84,1.66,46.38,52.88,6.0,16,9,8,6,1,3.0,3.0,3.0,3.0,2.0,0.0,0.0,3.0,3.0,0.0,4.0,2.0,3.0
Lahore,2026-08-09 17:00:00+00:00,3,871.52,0.0,17.16,35.13,1.62,49.52,56.83,5.51,17,9,8,6,1,3.0,3.0,3.0,3.0,2.0,0.0,0.0,3.0,3.0,0.0,4.0,2.0,3.0
Lahore,2026-08-09 18:00:00+00:00,4,907.13,0.0,17.5,30.12,1.51,52.09,59.76,4.87,18,9,8,6,1,3.0,3.0,3.0,4.0,3.0,1.0,0.33333333333333326,3.3333333333333335,3.1666666666666665,0.408248290463864,4.0,3.0,4.0
Lahore,2026-08-09 19:00:00+00:00,4,919.48,0.0,17.06,27.43,1.29,53.29,60.78,4.13,19,9,8,6,1,4.0,3.0,3.0,3.0,3.0,0.0,0.0,3.6666666666666665,3.3333333333333335,0.5163977794943232,4.0,3.0,4.0
Lahore,2026-08-09 20:00:00+00:00,4,921.32,0.0,16.17,27.36,1.14,54.34,61.63,3.63,20,9,8,6,1,4.0,3.0,3.0,3.0,3.0,0.0,0.0,4.0,3.5,0.5477225575051671,4.0,3.0,3.0
Lahore,2026-08-09 21:00:00+00:00,4,913.69,0.0,14.86,30.8,1.03,55.27,62.41,3.21,21,9,8,6,1,4.0,4.0,3.0,3.0,3.0,0.0,0.0,4.0,3.6666666666666665,0.5163977794943234,4.0,3.0,3.0
Lahore,2026-08-09 22:00:00+00:00,4,900.59,0.0,13.7,34.29,0.95,55.56,62.42,2.84,22,9,8,6,1,4.0,4.0,3.0,3.0,3.0,0.0,0.0,4.0,3.8333333333333335,0.4082482904638645,3.0,3.0,3.0
Lahore,2026-08-09 23:00:00+00:00,4,912.49,0.0,13.95,29.52,0.91,56.65,63.37,2.84,23,9,8,6,1,4.0,4.0,3.0,3.0,3.0,0.0,0.0,4.0,4.0,0.0,3.0,3.0,3.0
Lahore,2026-08-10 00:00:00+00:00,4,931.16,0.0,14.45,24.49,0.92,57.95,64.65,3.03,0,10,8,0,0,4.0,4.0,4.0,3.0,3.0,0.0,0.0,4.0,4.0,0.0,3.0,3.0,3.0
Lahore,2026-08-10 01:00:00+00:00,4,945.11,0.02,14.63,20.53,0.94,59.2,66.36,3.31,1,10,8,0,0,4.0,4.0,4.0,3.0,3.0,0.0,0.0,4.0,4.0,0.0,3.0,3.0,3.0
Lahore,2026-08-10 02:00:00+00:00,4,976.62,0.62,13.85,20.39,1.11,60.59,68.97,3.65,2,10,8,0,0,4.0,4.0,4.0,3.0,3.0,0.0,0.0,4.0,4.0,0.0,3.0,3.0,3.0
Lahore,2026-08-10 03:00:00+00:00,4,981.04,2.36,11.27,32.45,1.29,61.31,70.81,3.8,3,10,8,0,0,4.0,4.0,4.0,3.0,3.0,0.0,0.0,4.0,4.0,0.0,4.0,3.0,3.0
Lahore,2026-08-10 04:00:00+00:00,3,692.55,0.47,4.32,100.79,2.69,48.28,55.26,1.2,4,10,8,0,0,4.0,4.0,4.0,3.0,3.0,-1.0,-0.25,3.6666666666666665,3.8333333333333335,0.4082482904638645,3.0,3.0,2.0
Lahore,2026-08-10 05:00:00+00:00,3,634.08,0.25,2.55,118.15,2.41,43.62,49.25,1.04,5,10,8,0,0,3.0,4.0,4.0,3.0,3.0,0.0,0.0,3.3333333333333335,3.6666666666666665,0.5163977794943234,3.0,3.0,3.0
Lahore,2026-08-10 06:00:00+00:00,3,620.18,0.18,1.98,125.57,2.09,43.93,49.07,1.01,6,10,8,0,0,3.0,4.0,4.0,4.0,4.0,0.0,0.0,3.0,3.5,0.5477225575051671,3.0,3.0,3.0
Lahore,2026-08-10 07:00:00+00:00,3,610.45,0.13,1.7,130.52,1.72,43.03,47.68,0.96,7,10,8,0,0,3.0,3.0,4.0,4.0,3.0,0.0,0.0,3.0,3.3333333333333335,0.5163977794943232,3.0,3.0,3.0
Lahore,2026-08-10 08:00:00+00:00,3,593.49,0.1,1.66,130.46,1.46,39.91,44.01,0.92,8,10,8,0,0,3.0,3.0,4.0,4.0,3.0,0.0,0.0,3.0,3.1666666666666665,0.408248290463864,3.0,3.0,3.0
Lahore,2026-08-10 09:00:00+00:00,3,585.93,0.07,1.85,129.83,1.36,38.48,42.2,0.94,9,10,8,0,0,3.0,3.0,4.0,4.0,3.0,0.0,0.0,3.0,3.0,0.0,3.0,3.0,3.0
Lahore,2026-08-10 10:00:00+00:00,3,615.51,0.12,3.72,117.95,1.43,40.2,44.09,1.85,10,10,8,0,0,3.0,3.0,3.0,4.0,3.0,0.0,0.0,3.0,3.0,0.0,3.0,3.0,3.0
Lahore,2026-08-10 11:00:00+00:00,3,677.49,0.19,7.37,102.95,1.73,44.85,49.44,3.61,11,10,8,0,0,3.0,3.0,3.0,4.0,3.0,0.0,0.0,3.0,3.0,0.0,3.0,3.0,3.0
Lahore,2026-08-10 12:00:00+00:00,3,747.34,0.19,11.95,94.21,2.16,49.66,54.92,5.44,12,10,8,0,0,3.0,3.0,3.0,4.0,3.0,0.0,0.0,3.0,3.0,0.0,3.0,3.0,3.0
Lahore,2026-08-10 13:00:00+00:00,4,816.75,0.08,16.01,88.79,2.65,55.01,61.09,6.99,13,10,8,0,0,3.0,3.0,3.0,4.0,3.0,1.0,0.33333333333333326,3.3333333333333335,3.1666666666666665,0.408248290463864,3.0,3.0,2.0
Lahore,2026-08-10 14:00:00+00:00,4,850.8,0.0,15.97,83.31,2.88,59.88,66.66,7.07,14,10,8,0,0,4.0,3.0,3.0,4.0,3.0,0.0,0.0,3.6666666666666665,3.3333333333333335,0.5163977794943232,2.0,3.0,2.0
Lahore,2026-08-10 15:00:00+00:00,4,858.32,0.0,14.07,81.65,3.01,63.73,70.9,6.42,15,10,8,0,0,4.0,3.0,3.0,4.0,3.0,0.0,0.0,4.0,3.5,0.5477225575051671,2.0,3.0,2.0
Lahore,2026-08-10 16:00:00+00:00,4,849.08,0.0,12.13,79.91,3.21,66.33,73.52,5.35,16,10,8,0,0,4.0,4.0,3.0,3.0,3.0,0.0,0.0,4.0,3.6666666666666665,0.5163977794943234,2.0,3.0,2.0
Lahore,2026-08-10 17:00:00+00:00,4,856.55,0.0,11.26,76.45,3.51,67.9,75.26,4.59,17,10,8,0,0,4.0,4.0,3.0,3.0,3.0,0.0,0.0,4.0,3.8333333333333335,0.4082482904638645,2.0,3.0,2.0
Lahore,2026-08-10 18:00:00+00:00,4,851.27,0.0,10.3,74.35,3.75,66.56,73.79,3.74,18,10,8,0,0,4.0,4.0,3.0,3.0,4.0,0.0,0.0,4.0,4.0,0.0,3.0,4.0,2.0
Lahore,2026-08-10 19:00:00+00:00,4,829.98,0.0,9.21,72.41,3.72,62.07,68.96,2.95,19,10,8,0,0,4.0,4.0,4.0,3.0,4.0,0.0,0.0,4.0,4.0,0.0,3.0,4.0,2.0
Lahore,2026-08-10 20:00:00+00:00,4,818.94,0.0,8.81,67.32,3.42,57.13,64.01,2.61,20,10,8,0,0,4.0,4.0,4.0,3.0,4.0,0.0,0.0,4.0,4.0,0.0,3.0,3.0,3.0
Lahore,2026-08-10 21:00:00+00:00,4,813.96,0.0,8.72,60.71,3.0,52.66,59.91,2.47,21,10,8,0,0,4.0,4.0,4.0,3.0,4.0,0.0,0.0,4.0,4.0,0.0,3.0,3.0,3.0
Lahore,2026-08-10 22:00:00+00:00,3,811.15,0.0,8.55,55.34,2.62,49.46,57.52,2.34,22,10,8,0,0,4.0,4.0,4.0,3.0,4.0,-1.0,-0.25,3.6666666666666665,3.8333333333333335,0.4082482904638645,3.0,3.0,3.0
Lahore,2026-08-10 23:00:00+00:00,3,811.87,0.0,8.28,51.7,2.32,47.77,57.28,2.24,23,10,8,0,0,3.0,4.0,4.0,3.0,4.0,0.0,0.0,3.3333333333333335,3.6666666666666665,0.5163977794943234,3.0,3.0,3.0
Lahore,2026-08-11 00:00:00+00:00,3,816.65,0.0,8.02,48.78,2.04,47.32,58.92,2.19,0,11,8,1,0,3.0,4.0,4.0,3.0,4.0,0.0,0.0,3.0,3.5,0.5477225575051671,3.0,3.0,3.0
Lahore,2026-08-11 01:00:00+00:00,3,822.92,0.0,7.79,45.46,1.88,47.88,61.86,2.2,1,11,8,1,0,3.0,3.0,4.0,4.0,4.0,0.0,0.0,3.0,3.3333333333333335,0.5163977794943232,3.0,3.0,3.0
Lahore,2026-08-11 02:00:00+00:00,3,841.48,0.08,7.95,41.97,1.95,49.09,65.09,2.36,2,11,8,1,0,3.0,3.0,4.0,4.0,4.0,0.0,0.0,3.0,3.1666666666666665,0.408248290463864,3.0,3.0,3.0
Lahore,2026-08-11 03:00:00+00:00,4,858.0,0.37,8.36,41.41,2.14,50.13,67.45,2.43,3,11,8,1,0,3.0,3.0,4.0,4.0,4.0,1.0,0.33333333333333326,3.3333333333333335,3.1666666666666665,0.408248290463864,3.0,3.0,3.0
Lahore,2026-08-11 04:00:00+00:00,3,840.4,0.44,8.37,47.19,2.4,48.55,66.78,2.09,4,11,8,1,0,4.0,3.0,3.0,4.0,3.0,-1.0,-0.25,3.3333333333333335,3.1666666666666665,0.408248290463864,3.0,2.0,3.0
Lahore,2026-08-11 05:00:00+00:00,3,800.33,0.42,8.18,54.0,2.61,45.08,62.45,1.94,5,11,8,1,0,3.0,3.0,3.0,4.0,3.0,0.0,0.0,3.3333333333333335,3.1666666666666665,0.408248290463864,3.0,3.0,4.0
Lahore,2026-08-11 06:00:00+00:00,3,746.41,0.35,7.66,62.6,3.03,40.24,56.64,1.81,6,11,8,1,0,3.0,4.0,3.0,4.0,3.0,0.0,0.0,3.0,3.1666666666666665,0.408248290463864,3.0,3.0,4.0
Lahore,2026-08-11 07:00:00+00:00,3,625.17,0.27,7.13,80.74,5.13,30.55,45.08,0.83,7,11,8,1,0,3.0,3.0,3.0,4.0,3.0,0.0,0.0,3.0,3.1666666666666665,0.408248290463864,3.0,3.0,3.0
Lahore,2026-08-11 08:00:00+00:00,3,557.94,0.29,6.79,88.79,6.08,26.82,39.81,0.53,8,11,8,1,0,3.0,3.0,3.0,4.0,3.0,0.0,0.0,3.0,3.1666666666666665,0.408248290463864,3.0,3.0,3.0
Lahore,2026-08-11 09:00:00+00:00,3,533.56,0.31,6.29,94.25,6.1,26.36,38.42,0.56,9,11,8,1,0,3.0,3.0,4.0,4.0,3.0,0.0,0.0,3.0,3.0,0.0,3.0,3.0,3.0
Lahore,2026-08-11 10:00:00+00:00,3,531.56,0.27,6.48,94.64,5.47,27.12,38.28,1.06,10,11,8,1,0,3.0,3.0,3.0,3.0,3.0,0.0,0.0,3.0,3.0,0.0,3.0,3.0,3.0
Lahore,2026-08-11 11:00:00+00:00,3,553.86,0.2,8.07,86.47,4.91,28.0,38.47,2.03,11,11,8,1,0,3.0,3.0,3.0,3.0,3.0,0.0,0.0,3.0,3.0,0.0,3.0,3.0,2.0
Lahore,2026-08-11 12:00:00+00:00,3,585.08,0.1,10.18,78.24,4.47,27.49,37.07,2.94,12,11,8,1,0,3.0,3.0,3.0,3.0,3.0,0.0,0.0,3.0,3.0,0.0,3.0,3.0,2.0
Lahore,2026-08-11 13:00:00+00:00,3,619.83,0.03,11.46,73.11,4.02,26.36,35.1,3.56,13,11,8,1,0,3.0,3.0,3.0,3.0,4.0,0.0,0.0,3.0,3.0,0.0,3.0,2.0,2.0
Lahore,2026-08-11 14:00:00+00:00,2,638.33,0.0,10.79,71.47,3.71,24.86,32.86,3.62,14,11,8,1,0,3.0,3.0,3.0,3.0,4.0,-1.0,-0.33333333333333337,2.6666666666666665,2.8333333333333335,0.408248290463864,3.0,2.0,2.0
Lahore,2026-08-11 15:00:00+00:00,2,648.91,0.0,9.65,72.68,3.75,23.51,30.75,3.52,15,11,8,1,0,2.0,3.0,3.0,4.0,4.0,0.0,0.0,2.3333333333333335,2.6666666666666665,0.5163977794943232,3.0,2.0,2.0
Lahore,2026-08-11 16:00:00+00:00,2,655.21,0.0,8.46,74.3,4.07,23.03,29.14,3.24,16,11,8,1,0,2.0,3.0,3.0,3.0,4.0,0.0,0.0,2.0,2.5,0.5477225575051671,3.0,2.0,2.0
Lahore,2026-08-11 17:00:00+00:00,2,672.66,0.0,7.97,74.23,4.53,24.78,30.2,3.03,17,11,8,1,0,2.0,2.0,3.0,3.0,4.0,0.0,0.0,2.0,2.3333333333333335,0.5163977794943234,3.0,2.0,2.0
Lahore,2026-08-11 18:00:00+00:00,3,684.79,0.0,7.85,71.64,4.82,27.31,32.46,2.74,18,11,8,1,0,2.0,2.0,3.0,3.0,4.0,1.0,0.5,2.3333333333333335,2.3333333333333335,0.5163977794943234,4.0,2.0,2.0
Lahore,2026-08-11 19:00:00+00:00,3,682.48,0.0,7.65,66.98,4.71,28.89,34.15,2.36,19,11,8,1,0,3.0,2.0,3.0,3.0,4.0,0.0,0.0,2.6666666666666665,2.3333333333333335,0.5163977794943234,4.0,2.0,2.0
Lahore,2026-08-11 20:00:00+00:00,3,685.93,0.0,7.7,60.76,4.23,30.25,36.16,2.18,20,11,8,1,0,3.0,2.0,2.0,3.0,4.0,0.0,0.0,3.0,2.5,0.5477225575051671,3.0,3.0,2.0
Lahore,2026-08-11 21:00:00+00:00,3,693.45,0.0,7.89,53.95,3.65,31.54,38.48,2.12,21,11,8,1,0,3.0,3.0,2.0,3.0,4.0,0.0,0.0,3.0,2.6666666666666665,0.5163977794943232,3.0,3.0,3.0
Lahore,2026-08-11 22:00:00+00:00,3,698.49,0.0,8.1,47.5,3.2,32.49,39.99,2.05,22,11,8,1,0,3.0,3.0,2.0,3.0,3.0,0.0,0.0,3.0,2.8333333333333335,0.408248290463864,3.0,3.0,3.0
Lahore,2026-08-11 23:00:00+00:00,3,704.44,0.0,8.32,42.35,2.81,32.96,40.77,1.93,23,11,8,1,0,3.0,3.0,2.0,3.0,3.0,0.0,0.0,3.0,3.0,0.0,3.0,3.0,3.0
Lahore,2026-08-12 00:00:00+00:00,3,702.93,0.0,8.45,38.68,2.53,32.92,41.54,1.78,0,12,8,2,0,3.0,3.0,3.0,3.0,3.0,0.0,0.0,3.0,3.0,0.0,3.0,3.0,3.0
Lahore,2026-08-12 01:00:00+00:00,3,689.76,0.0,8.42,35.92,2.44,32.57,42.19,1.68,1,12,8,2,0,3.0,3.0,3.0,3.0,3.0,0.0,0.0,3.0,3.0,0.0,3.0,3.0,3.0
Lahore,2026-08-12 02:00:00+00:00,3,685.0,0.33,8.37,34.81,2.7,32.77,43.33,1.81,2,12,8,2,0,3.0,3.0,3.0,2.0,3.0,0.0,0.0,3.0,3.0,0.0,3.0,3.0,3.0
Lahore,2026-08-12 03:00:00+00:00,3,692.43,1.23,7.9,39.14,3.09,34.6,45.57,2.0,3,12,8,2,0,3.0,3.0,3.0,2.0,4.0,0.0,0.0,3.0,3.0,0.0,3.0,3.0,3.0
Lahore,2026-08-12 04:00:00+00:00,3,660.92,1.03,7.45,56.69,4.03,36.3,45.41,1.46,4,12,8,2,0,3.0,3.0,3.0,2.0,3.0,0.0,0.0,3.0,3.0,0.0,2.0,3.0,3.0
Lahore,2026-08-12 05:00:00+00:00,3,661.53,0.71,7.17,66.08,4.0,38.93,46.64,1.17,5,12,8,2,0,3.0,3.0,3.0,2.0,3.0,0.0,0.0,3.0,3.0,0.0,3.0,4.0,3.0
Lahore,2026-08-12 06:00:00+00:00,3,664.48,0.37,7.02,72.53,3.99,40.66,47.2,1.15,6,12,8,2,0,3.0,3.0,3.0,3.0,3.0,0.0,0.0,3.0,3.0,0.0,3.0,4.0,3.0
Lahore,2026-08-12 07:00:00+00:00,3,607.4,0.13,5.13,90.72,3.22,28.81,33.31,0.7,7,12,8,2,0,3.0,3.0,3.0,3.0,3.0,0.0,0.0,3.0,3.0,0.0,3.0,3.0,3.0
Lahore,2026-08-12 08:00:00+00:00,3,583.71,0.12,3.74,102.3,2.31,21.03,24.38,0.6,8,12,8,2,0,3.0,3.0,3.0,3.0,3.0,0.0,0.0,3.0,3.0,0.0,3.0,3.0,3.0
Lahore,2026-08-12 09:00:00+00:00,3,579.15,0.12,3.19,108.67,1.96,19.39,22.24,0.68,9,12,8,2,0,3.0,3.0,3.0,3.0,3.0,0.0,0.0,3.0,3.0,0.0,3.0,3.0,3.0
Lahore,2026-08-12 10:00:00+00:00,3,591.76,0.15,3.26,111.54,1.83,19.82,22.45,1.02,10,12,8,2,0,3.0,3.0,3.0,3.0,3.0,0.0,0.0,3.0,3.0,0.0,3.0,3.0,3.0
Lahore,2026-08-12 11:00:00+00:00,3,613.86,0.23,4.06,109.88,1.95,22.18,24.98,1.71,11,12,8,2,0,3.0,3.0,3.0,3.0,3.0,0.0,0.0,3.0,3.0,0.0,3.0,2.0,3.0
Lahore,2026-08-12 12:00:00+00:00,3,637.91,0.28,5.41,109.5,2.18,24.82,27.97,2.5,12,12,8,2,0,3.0,3.0,3.0,3.0,3.0,0.0,0.0,3.0,3.0,0.0,3.0,2.0,3.0
Lahore,2026-08-12 13:00:00+00:00,3,718.84,0.27,10.81,101.88,2.82,28.89,33.37,5.44,13,12,8,2,0,3.0,3.0,3.0,3.0,3.0,0.0,0.0,3.0,3.0,0.0,2.0,2.0,3.0
Lahore,2026-08-12 14:00:00+00:00,3,847.83,0.03,18.31,87.7,3.77,34.18,41.1,10.4,14,12,8,2,0,3.0,3.0,3.0,3.0,2.0,0.0,0.0,3.0,3.0,0.0,2.0,2.0,3.0
Lahore,2026-08-12 15:00:00+00:00,3,969.41,0.0,23.31,75.59,4.73,39.21,48.8,15.37,15,12,8,2,0,3.0,3.0,3.0,3.0,2.0,0.0,0.0,3.0,3.0,0.0,2.0,2.0,3.0
Lahore,2026-08-12 16:00:00+00:00,3,1057.94,0.0,26.47,64.46,5.32,43.68,55.55,19.24,16,12,8,2,0,3.0,3.0,3.0,3.0,2.0,0.0,0.0,3.0,3.0,0.0,2.0,2.0,3.0
Lahore,2026-08-12 17:00:00+00:00,3,1122.58,0.0,27.73,53.81,5.43,49.44,63.09,20.67,17,12,8,2,0,3.0,3.0,3.0,3.0,2.0,0.0,0.0,3.0,3.0,0.0,2.0,2.0,3.0
Lahore,2026-08-12 18:00:00+00:00,4,1159.92,0.0,27.79,42.65,4.91,53.18,67.74,19.42,18,12,8,2,0,3.0,3.0,3.0,3.0,3.0,1.0,0.33333333333333326,3.3333333333333335,3.1666666666666665,0.408248290463864,2.0,2.0,3.0
Lahore,2026-08-12 19:00:00+00:00,4,1158.72,0.0,25.65,31.29,3.39,50.41,64.37,11.83,19,12,8,2,0,4.0,3.0,3.0,3.0,3.0,0.0,0.0,3.6666666666666665,3.3333333333333335,0.5163977794943232,2.0,2.0,3.0
Lahore,2026-08-12 20:00:00+00:00,3,1136.77,0.0,22.17,25.77,2.62,49.23,61.43,6.46,20,12,8,2,0,4.0,3.0,3.0,3.0,3.0,-1.0,-0.25,3.6666666666666665,3.3333333333333335,0.5163977794943232,3.0,2.0,3.0
Lahore,2026-08-12 21:00:00+00:00,3,1034.47,0.0,16.27,36.15,2.38,44.43,53.84,3.54,21,12,8,2,0,3.0,4.0,3.0,3.0,3.0,0.0,0.0,3.3333333333333335,3.3333333333333335,0.5163977794943232,3.0,3.0,3.0
Lahore,2026-08-12 22:00:00+00:00,3,834.44,0.0,8.8,74.86,2.37,34.93,40.95,1.95,22,12,8,2,0,3.0,4.0,3.0,3.0,3.0,0.0,0.0,3.0,3.3333333333333335,0.5163977794943232,3.0,3.0,3.0
Lahore,2026-08-12 23:00:00+00:00,3,805.22,0.0,7.09,82.45,2.03,33.33,38.15,1.75,23,12,8,2,0,3.0,3.0,3.0,3.0,3.0,0.0,0.0,3.0,3.3333333333333335,0.5163977794943232,3.0,3.0,3.0
Lahore,2026-08-13 00:00:00+00:00,3,793.14,0.0,6.6,81.9,1.85,32.26,36.37,1.8,0,13,8,3,0,3.0,3.0,4.0,3.0,3.0,0.0,0.0,3.0,3.1666666666666665,0.408248290463864,3.0,3.0,3.0
Lahore,2026-08-13 01:00:00+00:00,3,783.83,0.0,6.6,75.5,1.81,31.27,35.19,1.97,1,13,8,3,0,3.0,3.0,4.0,3.0,3.0,0.0,0.0,3.0,3.0,0.0,3.0,3.0,3.0
Lahore,2026-08-13 02:00:00+00:00,3,775.92,0.05,7.14,69.57,1.95,30.5,34.95,2.24,2,13,8,3,0,3.0,3.0,3.0,3.0,3.0,0.0,0.0,3.0,3.0,0.0,3.0,3.0,3.0
Lahore,2026-08-13 03:00:00+00:00,3,765.36,0.29,7.8,68.99,2.23,29.93,34.98,2.56,3,13,8,3,0,3.0,3.0,3.0,3.0,3.0,0.0,0.0,3.0,3.0,0.0,3.0,3.0,4.0
Lahore,2026-08-13 04:00:00+00:00,2,619.62,0.36,5.47,99.91,2.67,24.65,29.14,1.2,4,13,8,3,0,3.0,3.0,3.0,3.0,3.0,-1.0,-0.33333333333333337,2.6666666666666665,2.8333333333333335,0.408248290463864,3.0,3.0,4.0
Lahore,2026-08-13 05:00:00+00:00,3,552.03,0.46,4.29,108.78,3.03,23.73,27.91,0.74,5,13,8,3,0,2.0,3.0,3.0,3.0,3.0,1.0,0.5,2.6666666666666665,2.8333333333333335,0.408248290463864,4.0,3.0,4.0
Lahore,2026-08-13 06:00:00+00:00,3,524.16,0.46,3.3,115.56,3.09,25.58,29.42,0.6,6,13,8,3,0,3.0,3.0,3.0,4.0,3.0,0.0,0.0,2.6666666666666665,2.8333333333333335,0.408248290463864,4.0,3.0,4.0
Lahore,2026-08-13 07:00:00+00:00,3,491.96,0.32,2.48,122.46,2.86,27.67,31.1,0.46,7,13,8,3,0,3.0,2.0,3.0,4.0,3.0,0.0,0.0,3.0,2.8333333333333335,0.408248290463864,3.0,3.0,3.0
Lahore,2026-08-13 08:00:00+00:00,3,458.84,0.21,2.18,124.66,2.58,27.1,30.2,0.43,8,13,8,3,0,3.0,3.0,3.0,3.0,3.0,0.0,0.0,3.0,2.8333333333333335,0.408248290463864,3.0,3.0,3.0
Lahore,2026-08-13 09:00:00+00:00,3,434.55,0.15,2.18,123.34,2.32,24.98,27.86,0.47,9,13,8,3,0,3.0,3.0,3.0,3.0,3.0,0.0,0.0,3.0,2.8333333333333335,0.408248290463864,3.0,3.0,3.0
Lahore,2026-08-13 10:00:00+00:00,3,419.53,0.13,2.55,118.94,2.01,23.09,26.2,0.73,10,13,8,3,0,3.0,3.0,2.0,3.0,3.0,0.0,0.0,3.0,3.0,0.0,3.0,3.0,3.0
Lahore,2026-08-13 11:00:00+00:00,3,410.39,0.12,3.49,110.3,1.78,22.25,26.01,1.23,11,13,8,3,0,3.0,3.0,3.0,3.0,3.0,0.0,0.0,3.0,3.0,0.0,2.0,3.0,3.0
Lahore,2026-08-13 12:00:00+00:00,3,406.93,0.09,4.77,100.97,1.65,21.4,25.87,1.7,12,13,8,3,0,3.0,3.0,3.0,3.0,3.0,0.0,0.0,3.0,3.0,0.0,2.0,3.0,3.0
Lahore,2026-08-13 13:00:00+00:00,2,429.82,0.04,7.16,88.89,1.58,21.37,26.8,2.51,13,13,8,3,0,3.0,3.0,3.0,3.0,3.0,-1.0,-0.33333333333333337,2.6666666666666665,2.8333333333333335,0.408248290463864,2.0,3.0,3.0
Lahore,2026-08-13 14:00:00+00:00,2,463.18,0.0,9.66,73.85,1.6,22.39,29.32,3.55,14,13,8,3,0,2.0,3.0,3.0,3.0,3.0,0.0,0.0,2.3333333333333335,2.6666666666666665,0.5163977794943232,2.0,3.0,3.0
Lahore,2026-08-13 15:00:00+00:00,2,480.62,0.0,11.19,60.91,1.64,23.35,32.21,4.18,15,13,8,3,0,2.0,3.0,3.0,3.0,3.0,0.0,0.0,2.0,2.5,0.5477225575051671,2.0,3.0,3.0
Lahore,2026-08-13 16:00:00+00:00,2,481.53,0.01,12.17,49.78,1.61,23.87,34.64,4.34,16,13,8,3,0,2.0,2.0,3.0,2.0,3.0,0.0,0.0,2.0,2.3333333333333335,0.5163977794943234,2.0,3.0,3.0
Lahore,2026-08-13 17:00:00+00:00,2,479.56,0.02,12.74,41.04,1.58,24.35,37.03,4.41,17,13,8,3,0,2.0,2.0,3.0,3.0,3.0,0.0,0.0,2.0,2.1666666666666665,0.4082482904638645,2.0,3.0,3.0
Lahore,2026-08-13 18:00:00+00:00,2,467.17,0.01,13.02,34.76,1.48,24.67,39.47,4.27,18,13,8,3,0,2.0,2.0,3.0,3.0,4.0,0.0,0.0,2.0,2.0,0.0,2.0,3.0,3.0
Lahore,2026-08-13 19:00:00+00:00,2,428.69,0.0,12.15,31.95,1.34,24.73,42.31,3.8,19,13,8,3,0,2.0,2.0,2.0,3.0,4.0,0.0,0.0,2.0,2.0,0.0,2.0,3.0,3.0
Lahore,2026-08-13 20:00:00+00:00,3,407.88,0.0,11.85,29.35,1.21,25.66,46.26,3.46,20,13,8,3,0,2.0,2.0,2.0,3.0,3.0,1.0,0.5,2.3333333333333335,2.1666666666666665,0.4082482904638645,2.0,3.0,3.0
Lahore,2026-08-13 21:00:00+00:00,3,393.45,0.0,11.42,28.11,1.14,27.16,50.95,3.19,21,13,8,3,0,3.0,2.0,2.0,3.0,3.0,0.0,0.0,2.6666666666666665,2.3333333333333335,0.5163977794943234,3.0,3.0,3.0
Lahore,2026-08-13 22:00:00+00:00,3,382.65,0.0,10.91,27.99,1.12,29.04,55.91,2.96,22,13,8,3,0,3.0,2.0,2.0,3.0,3.0,0.0,0.0,3.0,2.5,0.5477225575051671,3.0,3.0,3.0
Lahore,2026-08-13 23:00:00+00:00,3,378.2,0.0,10.58,27.9,1.1,31.16,60.78,2.84,23,13,8,3,0,3.0,3.0,2.0,3.0,3.0,0.0,0.0,3.0,2.6666666666666665,0.5163977794943232,3.0,3.0,3.0
Lahore,2026-08-14 00:00:00+00:00,3,375.77,0.0,10.37,27.94,1.09,33.05,65.28,2.75,0,14,8,4,0,3.0,3.0,2.0,3.0,3.0,0.0,0.0,3.0,2.8333333333333335,0.408248290463864,3.0,3.0,3.0
Lahore,2026-08-14 01:00:00+00:00,3,372.15,0.0,10.08,27.74,1.1,34.35,69.39,2.77,1,14,8,4,0,3.0,3.0,2.0,2.0,3.0,0.0,0.0,3.0,3.0,0.0,3.0,3.0,3.0
Lahore,2026-08-14 02:00:00+00:00,3,372.4,0.65,9.01,29.24,1.21,35.54,75.54,3.0,2,14,8,4,0,3.0,3.0,3.0,2.0,3.0,0.0,0.0,3.0,3.0,0.0,3.0,3.0,3.0
Lahore,2026-08-14 03:00:00+00:00,3,364.24,1.87,6.94,36.25,1.36,36.87,85.27,3.09,3,14,8,4,0,3.0,3.0,3.0,2.0,3.0,0.0,0.0,3.0,3.0,0.0,3.0,4.0,3.0
Lahore,2026-08-14 04:00:00+00:00,3,313.47,1.34,4.84,56.56,1.68,39.12,98.98,2.5,4,14,8,4,0,3.0,3.0,3.0,2.0,2.0,0.0,0.0,3.0,3.0,0.0,3.0,4.0,3.0
Lahore,2026-08-14 05:00:00+00:00,4,291.97,0.71,3.31,79.93,1.97,47.18,110.15,2.3,5,14,8,4,0,3.0,3.0,3.0,2.0,3.0,1.0,0.33333333333333326,3.3333333333333335,3.1666666666666665,0.408248290463864,3.0,4.0,3.0
Lahore,2026-08-14 06:00:00+00:00,4,272.92,0.37,2.15,99.94,2.23,54.71,117.58,2.07,6,14,8,4,0,4.0,3.0,3.0,2.0,3.0,0.0,0.0,3.6666666666666665,3.3333333333333335,0.5163977794943232,3.0,4.0,3.0
Lahore,2026-08-14 07:00:00+00:00,3,250.45,0.18,1.08,103.12,1.69,36.06,75.55,0.94,7,14,8,4,0,4.0,3.0,3.0,2.0,3.0,-1.0,-0.25,3.6666666666666665,3.3333333333333335,0.5163977794943232,3.0,3.0,3.0
Lahore,2026-08-14 08:00:00+00:00,3,262.43,0.13,0.84,101.22,1.39,24.57,49.31,0.59,8,14,8,4,0,3.0,4.0,3.0,3.0,3.0,0.0,0.0,3.3333333333333335,3.3333333333333335,0.5163977794943232,3.0,3.0,3.0
Lahore,2026-08-14 09:00:00+00:00,3,261.92,0.13,0.87,100.81,1.43,20.92,41.22,0.54,9,14,8,4,0,3.0,4.0,3.0,3.0,3.0,0.0,0.0,3.0,3.3333333333333335,0.5163977794943232,3.0,3.0,3.0
Lahore,2026-08-14 10:00:00+00:00,3,264.76,0.15,1.23,100.12,1.55,19.6,38.06,0.74,10,14,8,4,0,3.0,3.0,3.0,3.0,3.0,0.0,0.0,3.0,3.3333333333333335,0.5163977794943232,3.0,3.0,3.0
Lahore,2026-08-14 11:00:00+00:00,2,272.94,0.17,2.14,96.53,1.79,19.25,36.58,1.22,11,14,8,4,0,3.0,3.0,4.0,3.0,3.0,-1.0,-0.33333333333333337,2.6666666666666665,3.0,0.6324555320336765,3.0,3.0,3.0
Lahore,2026-08-14 12:00:00+00:00,2,283.92,0.12,3.54,90.53,2.05,18.52,34.66,1.66,12,14,8,4,0,2.0,3.0,4.0,3.0,3.0,0.0,0.0,2.3333333333333335,2.6666666666666665,0.516397779494323,3.0,3.0,3.0
Lahore,2026-08-14 13:00:00+00:00,2,322.17,0.05,6.28,78.51,2.51,18.47,33.39,2.56,13,14,8,4,0,2.0,3.0,3.0,3.0,2.0,0.0,0.0,2.0,2.5,0.5477225575051666,3.0,3.0,3.0
Lahore,2026-08-14 14:00:00+00:00,2,385.68,0.01,9.24,63.75,2.84,19.86,34.16,3.67,14,14,8,4,0,2.0,2.0,3.0,3.0,2.0,0.0,0.0,2.0,2.3333333333333335,0.5163977794943228,3.0,3.0,3.0
Lahore,2026-08-14 15:00:00+00:00,2,442.8,0.0,11.0,53.71,2.83,21.75,35.43,3.72,15,14,8,4,0,2.0,2.0,3.0,3.0,2.0,0.0,0.0,2.0,2.1666666666666665,0.40824829046386346,3.0,3.0,3.0
Lahore,2026-08-14 16:00:00+00:00,2,462.38,0.0,11.21,49.36,2.44,22.53,34.7,2.94,16,14,8,4,0,2.0,2.0,3.0,3.0,2.0,0.0,0.0,2.0,2.0,0.0,3.0,3.0,3.0
Lahore,2026-08-14 17:00:00+00:00,2,473.28,0.0,10.85,47.76,2.22,23.02,34.07,2.44,17,14,8,4,0,2.0,2.0,2.0,4.0,2.0,0.0,0.0,2.0,2.0,0.0,3.0,3.0,3.0
Lahore,2026-08-14 18:00:00+00:00,2,483.5,0.0,10.73,44.71,2.22,23.49,33.42,2.22,18,14,8,4,0,2.0,2.0,2.0,4.0,2.0,0.0,0.0,2.0,2.0,0.0,3.0,3.0,3.0
Lahore,2026-08-14 19:00:00+00:00,2,463.36,0.0,9.89,46.52,2.03,23.07,31.83,1.99,19,14,8,4,0,2.0,2.0,2.0,3.0,2.0,0.0,0.0,2.0,2.0,0.0,3.0,3.0,3.0
Lahore,2026-08-14 20:00:00+00:00,2,463.82,0.0,9.9,40.13,1.84,24.23,32.88,2.01,20,14,8,4,0,2.0,2.0,2.0,3.0,3.0,0.0,0.0,2.0,2.0,0.0,3.0,3.0,3.0
Lahore,2026-08-14 21:00:00+00:00,3,474.79,0.0,10.26,32.64,1.77,25.89,34.83,2.03,21,14,8,4,0,2.0,2.0,2.0,3.0,3.0,1.0,0.5,2.3333333333333335,2.1666666666666665,0.40824829046386346,3.0,3.0,3.0
Lahore,2026-08-14 22:00:00+00:00,3,491.75,0.0,10.85,25.67,1.62,27.49,36.57,2.07,22,14,8,4,0,3.0,2.0,2.0,3.0,3.0,0.0,0.0,2.6666666666666665,2.3333333333333335,0.5163977794943228,3.0,3.0,3.0
Lahore,2026-08-14 23:00:00+00:00,3,514.02,0.02,11.59,18.95,1.37,28.88,37.86,2.21,23,14,8,4,0,3.0,2.0,2.0,2.0,3.0,0.0,0.0,3.0,2.5,0.5477225575051666,3.0,3.0,3.0
Lahore,2026-08-15 00:00:00+00:00,3,539.37,0.05,12.21,14.11,1.22,30.08,39.28,2.42,0,15,8,5,1,3.0,3.0,2.0,2.0,3.0,0.0,0.0,3.0,2.6666666666666665,0.516397779494323,3.0,3.0,3.0
Lahore,2026-08-15 01:00:00+00:00,3,566.58,0.09,12.59,11.35,1.22,31.22,41.31,2.61,1,15,8,5,1,3.0,3.0,2.0,2.0,3.0,0.0,0.0,3.0,2.8333333333333335,0.408248290463864,3.0,3.0,3.0
Lahore,2026-08-15 02:00:00+00:00,3,595.51,0.97,11.92,10.58,1.36,32.31,44.28,2.97,2,15,8,5,1,3.0,3.0,2.0,2.0,3.0,0.0,0.0,3.0,3.0,0.0,3.0,3.0,3.0
Lahore,2026-08-15 03:00:00+00:00,3,623.59,3.25,9.81,12.53,1.49,33.39,48.36,3.65,3,15,8,5,1,3.0,3.0,3.0,2.0,3.0,0.0,0.0,3.0,3.0,0.0,4.0,3.0,3.0
Lahore,2026-08-15 04:00:00+00:00,3,514.31,2.03,7.13,32.94,1.87,31.91,53.13,3.08,4,15,8,5,1,3.0,3.0,3.0,2.0,3.0,0.0,0.0,3.0,3.0,0.0,4.0,3.0,3.0
Lahore,2026-08-15 05:00:00+00:00,3,474.73,1.63,5.8,45.82,1.7,31.93,52.59,2.98,5,15,8,5,1,3.0,3.0,3.0,2.0,4.0,0.0,0.0,3.0,3.0,0.0,4.0,3.0,4.0
Lahore,2026-08-15 06:00:00+00:00,3,450.12,1.0,4.69,63.4,1.66,37.6,58.49,2.84,6,15,8,5,1,3.0,3.0,3.0,2.0,4.0,0.0,0.0,3.0,3.0,0.0,4.0,3.0,4.0
Lahore,2026-08-15 07:00:00+00:00,3,307.9,0.27,1.91,86.35,1.35,32.4,55.46,1.27,7,15,8,5,1,3.0,3.0,3.0,2.0,3.0,0.0,0.0,3.0,3.0,0.0,3.0,3.0,4.0
Lahore,2026-08-15 08:00:00+00:00,3,259.03,0.17,1.17,91.92,1.04,29.18,52.47,0.94,8,15,8,5,1,3.0,3.0,3.0,2.0,3.0,0.0,0.0,3.0,3.0,0.0,3.0,3.0,3.0
Lahore,2026-08-15 09:00:00+00:00,3,250.16,0.15,1.05,94.97,0.96,29.37,52.55,0.95,9,15,8,5,1,3.0,3.0,3.0,3.0,3.0,0.0,0.0,3.0,3.0,0.0,3.0,3.0,3.0
Lahore,2026-08-15 10:00:00+00:00,3,253.89,0.19,1.34,95.45,0.97,30.93,54.85,1.25,10,15,8,5,1,3.0,3.0,3.0,3.0,3.0,0.0,0.0,3.0,3.0,0.0,3.0,3.0,3.0
Lahore,2026-08-15 11:00:00+00:00,3,265.91,0.27,2.09,93.0,1.03,33.21,58.59,1.85,11,15,8,5,1,3.0,3.0,3.0,3.0,2.0,0.0,0.0,3.0,3.0,0.0,3.0,3.0,3.0
Lahore,2026-08-15 12:00:00+00:00,3,280.07,0.31,3.27,88.28,1.07,34.51,61.64,2.41,12,15,8,5,1,3.0,3.0,3.0,3.0,2.0,0.0,0.0,3.0,3.0,0.0,3.0,3.0,4.0
Lahore,2026-08-15 13:00:00+00:00,3,321.55,0.25,6.31,74.59,1.19,35.63,64.64,3.53,13,15,8,5,1,3.0,3.0,3.0,3.0,2.0,0.0,0.0,3.0,3.0,0.0,3.0,3.0,4.0
Lahore,2026-08-15 14:00:00+00:00,3,384.65,0.02,10.1,55.87,1.37,36.86,67.57,4.97,14,15,8,5,1,3.0,3.0,3.0,3.0,2.0,0.0,0.0,3.0,3.0,0.0,3.0,3.0,4.0
Lahore,2026-08-15 15:00:00+00:00,3,438.08,0.0,12.47,42.9,1.5,37.37,69.66,6.06,15,15,8,5,1,3.0,3.0,3.0,3.0,2.0,0.0,0.0,3.0,3.0,0.0,3.0,3.0,4.0
Lahore,2026-08-15 16:00:00+00:00,3,469.11,0.0,13.87,34.7,1.5,36.77,69.93,6.45,16,15,8,5,1,3.0,3.0,3.0,3.0,2.0,0.0,0.0,3.0,3.0,0.0,3.0,3.0,4.0
Lahore,2026-08-15 17:00:00+00:00,3,480.91,0.0,14.2,30.8,1.44,35.63,69.68,6.29,17,15,8,5,1,3.0,3.0,3.0,3.0,2.0,0.0,0.0,3.0,3.0,0.0,3.0,3.0,4.0
Lahore,2026-08-15 18:00:00+00:00,3,473.28,0.0,14.03,29.38,1.34,33.65,68.35,5.87,18,15,8,5,1,3.0,3.0,3.0,3.0,2.0,0.0,0.0,3.0,3.0,0.0,3.0,3.0,4.0
Lahore,2026-08-15 19:00:00+00:00,3,434.2,0.0,12.84,30.06,1.24,30.53,65.96,5.14,19,15,8,5,1,3.0,3.0,3.0,3.0,2.0,0.0,0.0,3.0,3.0,0.0,3.0,3.0,4.0
Lahore,2026-08-15 20:00:00+00:00,3,410.66,0.0,12.42,28.1,1.15,28.39,64.45,4.78,20,15,8,5,1,3.0,3.0,3.0,3.0,2.0,0.0,0.0,3.0,3.0,0.0,3.0,3.0,4.0
Lahore,2026-08-15 21:00:00+00:00,3,379.02,0.0,11.45,27.75,1.09,26.67,65.5,4.43,21,15,8,5,1,3.0,3.0,3.0,3.0,3.0,0.0,0.0,3.0,3.0,0.0,3.0,3.0,4.0
Lahore,2026-08-15 22:00:00+00:00,3,349.45,0.0,10.37,27.41,1.02,26.2,70.51,4.2,22,15,8,5,1,3.0,3.0,3.0,3.0,3.0,0.0,0.0,3.0,3.0,0.0,3.0,3.0,3.0
Lahore,2026-08-15 23:00:00+00:00,3,349.76,0.01,10.62,23.8,0.95,27.54,76.48,4.51,23,15,8,5,1,3.0,3.0,3.0,3.0,3.0,0.0,0.0,3.0,3.0,0.0,3.0,3.0,3.0
Lahore,2026-08-16 00:00:00+00:00,3,354.79,0.03,11.03,21.23,0.99,29.28,83.22,5.27,0,16,8,6,1,3.0,3.0,3.0,3.0,3.0,0.0,0.0,3.0,3.0,0.0,3.0,3.0,3.0
Lahore,2026-08-16 01:00:00+00:00,3,363.32,0.08,11.44,19.42,1.13,30.73,88.71,6.36,1,16,8,6,1,3.0,3.0,3.0,3.0,3.0,0.0,0.0,3.0,3.0,0.0,3.0,3.0,3.0
Lahore,2026-08-16 02:00:00+00:00,3,371.44,1.02,9.72,19.89,1.26,31.9,95.09,6.02,2,16,8,6,1,3.0,3.0,3.0,3.0,3.0,0.0,0.0,3.0,3.0,0.0,3.0,3.0,3.0
Lahore,2026-08-16 03:00:00+00:00,4,343.89,2.44,6.49,26.2,1.34,31.89,102.59,4.96,3,16,8,6,1,3.0,3.0,3.0,3.0,3.0,1.0,0.33333333333333326,3.3333333333333335,3.1666666666666665,0.4082482904638644,3.0,3.0,3.0
Lahore,2026-08-16 04:00:00+00:00,4,269.4,1.66,4.37,40.84,1.4,31.17,109.5,3.67,4,16,8,6,1,4.0,3.0,3.0,3.0,3.0,0.0,0.0,3.6666666666666665,3.3333333333333335,0.5163977794943236,3.0,3.0,4.0
Lahore,2026-08-16 05:00:00+00:00,4,245.98,0.96,3.2,59.56,1.48,35.53,114.6,3.29,5,16,8,6,1,4.0,3.0,3.0,3.0,3.0,0.0,0.0,4.0,3.5,0.5477225575051676,3.0,4.0,4.0
Lahore,2026-08-16 06:00:00+00:00,4,223.87,0.45,2.02,80.59,1.5,42.1,120.98,2.91,6,16,8,6,1,4.0,4.0,3.0,3.0,3.0,0.0,0.0,4.0,3.6666666666666665,0.5163977794943242,3.0,4.0,4.0
Lahore,2026-08-16 07:00:00+00:00,3,181.07,0.21,1.02,83.02,1.17,31.93,95.08,1.65,7,16,8,6,1,4.0,4.0,3.0,3.0,3.0,-1.0,-0.25,3.6666666666666665,3.6666666666666665,0.5163977794943242,3.0,4.0,4.0
Lahore,2026-08-16 08:00:00+00:00,3,167.79,0.16,0.77,79.59,1.0,24.24,73.61,1.06,8,16,8,6,1,3.0,4.0,3.0,3.0,3.0,0.0,0.0,3.3333333333333335,3.6666666666666665,0.5163977794943242,3.0,3.0,4.0
Lahore,2026-08-16 09:00:00+00:00,3,166.64,0.15,0.77,80.01,1.02,22.05,66.93,0.92,9,16,8,6,1,3.0,4.0,4.0,3.0,3.0,0.0,0.0,3.0,3.5,0.5477225575051676,3.0,3.0,4.0
Lahore,2026-08-16 10:00:00+00:00,3,170.8,0.17,0.92,80.72,1.07,21.35,63.99,0.97,10,16,8,6,1,3.0,3.0,4.0,3.0,3.0,0.0,0.0,3.0,3.3333333333333335,0.5163977794943235,3.0,3.0,4.0
Lahore,2026-08-16 11:00:00+00:00,3,179.1,0.22,1.32,80.09,1.16,21.57,63.36,1.22,11,16,8,6,1,3.0,3.0,4.0,3.0,3.0,0.0,0.0,3.0,3.1666666666666665,0.4082482904638643,3.0,3.0,4.0
Lahore,2026-08-16 12:00:00+00:00,3,189.39,0.24,1.99,77.41,1.28,21.81,63.3,1.46,12,16,8,6,1,3.0,3.0,4.0,3.0,3.0,0.0,0.0,3.0,3.0,0.0,3.0,4.0,4.0
Lahore,2026-08-16 13:00:00+00:00,3,217.69,0.19,3.95,67.43,1.36,22.26,63.16,2.17,13,16,8,6,1,3.0,3.0,3.0,3.0,3.0,0.0,0.0,3.0,3.0,0.0,3.0,4.0,4.0
Lahore,2026-08-16 14:00:00+00:00,3,263.04,0.02,6.64,53.98,1.45,23.16,63.41,3.29,14,16,8,6,1,3.0,3.0,3.0,3.0,3.0,0.0,0.0,3.0,3.0,0.0,3.0,4.0,4.0
Lahore,2026-08-16 15:00:00+00:00,3,303.13,0.0,8.37,45.34,1.52,23.99,64.08,4.25,15,16,8,6,1,3.0,3.0,3.0,4.0,3.0,0.0,0.0,3.0,3.0,0.0,3.0,4.0,4.0
Lahore,2026-08-16 16:00:00+00:00,3,326.54,0.0,9.43,39.89,1.56,24.3,64.1,4.87,16,16,8,6,1,3.0,3.0,3.0,4.0,3.0,0.0,0.0,3.0,3.0,0.0,3.0,4.0,3.0
Lahore,2026-08-16 17:00:00+00:00,3,337.11,0.0,9.83,36.44,1.6,24.48,64.57,5.08,17,16,8,6,1,3.0,3.0,3.0,4.0,3.0,0.0,0.0,3.0,3.0,0.0,3.0,4.0,3.0
Lahore,2026-08-16 18:00:00+00:00,3,334.64,0.0,9.82,33.88,1.59,24.47,65.29,5.0,18,16,8,6,1,3.0,3.0,3.0,4.0,3.0,0.0,0.0,3.0,3.0,0.0,3.0,4.0,3.0
Lahore,2026-08-16 19:00:00+00:00,3,315.46,0.0,9.28,32.31,1.47,24.19,66.31,4.66,19,16,8,6,1,3.0,3.0,3.0,3.0,3.0,0.0,0.0,3.0,3.0,0.0,3.0,4.0,3.0
Lahore,2026-08-16 20:00:00+00:00,3,299.68,0.0,8.92,30.65,1.3,24.35,68.46,4.51,20,16,8,6,1,3.0,3.0,3.0,3.0,3.0,0.0,0.0,3.0,3.0,0.0,3.0,4.0,4.0
Lahore,2026-08-16 21:00:00+00:00,3,280.15,0.0,8.23,30.65,1.17,24.81,72.71,4.33,21,16,8,6,1,3.0,3.0,3.0,3.0,3.0,0.0,0.0,3.0,3.0,0.0,3.0,4.0,4.0
Lahore,2026-08-16 22:00:00+00:00,3,256.23,0.0,7.23,32.38,1.11,25.31,78.07,4.0,22,16,8,6,1,3.0,3.0,3.0,3.0,3.0,0.0,0.0,3.0,3.0,0.0,3.0,3.0,4.0
Lahore,2026-08-16 23:00:00+00:00,3,240.87,0.0,6.67,33.4,1.1,25.67,81.67,3.89,23,16,8,6,1,3.0,3.0,3.0,3.0,3.0,0.0,0.0,3.0,3.0,0.0,3.0,3.0,4.0
Lahore,2026-08-17 00:00:00+00:00,3,229.02,0.0,6.3,34.16,1.13,25.59,83.79,3.79,0,17,8,0,0,3.0,3.0,3.0,3.0,3.0,0.0,0.0,3.0,3.0,0.0,3.0,3.0,4.0
Lahore,2026-08-17 01:00:00+00:00,3,221.05,0.0,6.02,34.34,1.25,25.07,84.56,3.6,1,17,8,0,0,3.0,3.0,3.0,3.0,3.0,0.0,0.0,3.0,3.0,0.0,3.0,3.0,4.0
Lahore,2026-08-17 02:00:00+00:00,3,217.32,0.27,5.51,34.68,1.45,24.41,84.9,3.47,2,17,8,0,0,3.0,3.0,3.0,3.0,3.0,0.0,0.0,3.0,3.0,0.0,3.0,3.0,4.0
Lahore,2026-08-17 03:00:00+00:00,3,212.6,0.98,4.3,37.8,1.7,23.7,85.11,3.18,3,17,8,0,0,3.0,3.0,3.0,3.0,4.0,0.0,0.0,3.0,3.0,0.0,3.0,3.0,4.0
Lahore,2026-08-17 04:00:00+00:00,3,172.02,0.65,2.49,51.84,1.74,21.7,80.53,1.89,4,17,8,0,0,3.0,3.0,3.0,3.0,4.0,0.0,0.0,3.0,3.0,0.0,3.0,4.0,4.0
Lahore,2026-08-17 05:00:00+00:00,3,157.0,0.38,1.62,63.91,1.78,22.29,78.15,1.35,5,17,8,0,0,3.0,3.0,3.0,3.0,4.0,0.0,0.0,3.0,3.0,0.0,4.0,4.0,4.0
Lahore,2026-08-17 06:00:00+00:00,3,151.26,0.25,1.22,73.13,1.8,24.46,79.37,1.11,6,17,8,0,0,3.0,3.0,3.0,3.0,4.0,0.0,0.0,3.0,3.0,0.0,4.0,4.0,4.0
Lahore,2026-08-17 07:00:00+00:00,3,147.57,0.18,0.96,78.39,1.62,25.19,77.66,0.83,7,17,8,0,0,3.0,3.0,3.0,3.0,3.0,0.0,0.0,3.0,3.0,0.0,4.0,4.0,4.0
Lahore,2026-08-17 08:00:00+00:00,3,145.26,0.15,0.86,80.44,1.46,24.69,73.98,0.64,8,17,8,0,0,3.0,3.0,3.0,3.0,3.0,0.0,0.0,3.0,3.0,0.0,3.0,4.0,4.0
Lahore,2026-08-17 09:00:00+00:00,3,143.96,0.14,0.87,82.4,1.49,24.27,71.45,0.54,9,17,8,0,0,3.0,3.0,3.0,3.0,3.0,0.0,0.0,3.0,3.0,0.0,3.0,4.0,4.0
Lahore,2026-08-17 10:00:00+00:00,3,147.94,0.16,1.13,83.59,1.61,24.6,70.36,0.66,10,17,8,0,0,3.0,3.0,3.0,3.0,3.0,0.0,0.0,3.0,3.0,0.0,3.0,4.0,4.0
Lahore,2026-08-17 11:00:00+00:00,3,159.36,0.2,1.76,82.01,1.74,25.58,69.54,1.03,11,17,8,0,0,3.0,3.0,3.0,3.0,3.0,0.0,0.0,3.0,3.0,0.0,3.0,4.0,4.0
Lahore,2026-08-17 12:00:00+00:00,3,174.1,0.21,2.77,78.09,1.85,26.04,67.86,1.39,12,17,8,0,0,3.0,3.0,3.0,3.0,3.0,0.0,0.0,3.0,3.0,0.0,4.0,4.0,4.0
Lahore,2026-08-17 13:00:00+00:00,3,213.81,0.16,5.38,67.02,1.85,26.63,66.5,2.25,13,17,8,0,0,3.0,3.0,3.0,3.0,3.0,0.0,0.0,3.0,3.0,0.0,4.0,4.0,4.0
Lahore,2026-08-17 14:00:00+00:00,3,276.91,0.01,8.69,53.49,1.89,27.85,66.88,3.54,14,17,8,0,0,3.0,3.0,3.0,3.0,3.0,0.0,0.0,3.0,3.0,0.0,4.0,4.0,4.0
Lahore,2026-08-17 15:00:00+00:00,3,331.64,0.0,10.89,44.72,1.96,29.09,68.13,4.68,15,17,8,0,0,3.0,3.0,3.0,3.0,3.0,0.0,0.0,3.0,3.0,0.0,4.0,4.0,4.0
Lahore,2026-08-17 16:00:00+00:00,3,375.46,0.0,12.6,38.13,2.03,30.05,69.22,5.66,16,17,8,0,0,3.0,3.0,3.0,3.0,3.0,0.0,0.0,3.0,3.0,0.0,4.0,3.0,4.0
Lahore,2026-08-17 17:00:00+00:00,3,411.58,0.0,13.67,32.29,2.07,31.04,70.67,6.33,17,17,8,0,0,3.0,3.0,3.0,3.0,3.0,0.0,0.0,3.0,3.0,0.0,4.0,3.0,4.0
Lahore,2026-08-17 18:00:00+00:00,3,429.7,0.0,14.05,27.76,2.02,31.45,71.53,6.47,18,17,8,0,0,3.0,3.0,3.0,3.0,3.0,0.0,0.0,3.0,3.0,0.0,4.0,3.0,4.0
Lahore,2026-08-17 19:00:00+00:00,3,420.14,0.0,13.67,24.99,1.84,30.6,70.61,5.84,19,17,8,0,0,3.0,3.0,3.0,3.0,3.0,0.0,0.0,3.0,3.0,0.0,4.0,3.0,4.0
Lahore,2026-08-17 20:00:00+00:00,3,411.34,0.02,13.14,23.17,1.66,29.91,69.95,4.91,20,17,8,0,0,3.0,3.0,3.0,3.0,3.0,0.0,0.0,3.0,3.0,0.0,4.0,4.0,4.0
Lahore,2026-08-17 21:00:00+00:00,3,397.27,0.03,12.17,23.52,1.54,29.37,70.39,4.07,21,17,8,0,0,3.0,3.0,3.0,3.0,3.0,0.0,0.0,3.0,3.0,0.0,4.0,4.0,4.0
Lahore,2026-08-17 22:00:00+00:00,3,372.51,0.03,10.83,25.52,1.4,28.55,71.41,3.48,22,17,8,0,0,3.0,3.0,3.0,3.0,3.0,0.0,0.0,3.0,3.0,0.0,3.0,4.0,4.0
Lahore,2026-08-17 23:00:00+00:00,3,365.66,0.03,10.33,25.09,1.3,28.5,71.48,3.08,23,17,8,0,0,3.0,3.0,3.0,3.0,3.0,0.0,0.0,3.0,3.0,0.0,3.0,4.0,4.0
Lahore,2026-08-18 00:00:00+00:00,3,370.0,0.03,10.23,23.88,1.3,28.84,70.86,2.81,0,18,8,1,0,3.0,3.0,3.0,3.0,3.0,0.0,0.0,3.0,3.0,0.0,3.0,4.0,4.0
Lahore,2026-08-18 01:00:00+00:00,3,376.57,0.03,10.15,21.97,1.36,28.92,69.28,2.72,1,18,8,1,0,3.0,3.0,3.0,3.0,3.0,0.0,0.0,3.0,3.0,0.0,3.0,4.0,3.0
Lahore,2026-08-18 02:00:00+00:00,3,380.44,0.64,9.26,21.17,1.52,28.76,70.5,3.09,2,18,8,1,0,3.0,3.0,3.0,3.0,3.0,0.0,0.0,3.0,3.0,0.0,3.0,4.0,3.0
Lahore,2026-08-18 03:00:00+00:00,3,369.94,2.49,6.81,24.87,1.85,28.24,75.64,3.65,3,18,8,1,0,3.0,3.0,3.0,3.0,3.0,0.0,0.0,3.0,3.0,0.0,3.0,4.0,3.0
Lahore,2026-08-18 04:00:00+00:00,3,247.87,1.5,4.5,44.75,2.43,25.98,90.19,2.9,4,18,8,1,0,3.0,3.0,3.0,3.0,3.0,0.0,0.0,3.0,3.0,0.0,4.0,4.0,4.0
Lahore,2026-08-18 05:00:00+00:00,4,204.09,0.83,3.15,62.55,2.68,30.06,102.13,2.64,5,18,8,1,0,3.0,3.0,3.0,3.0,3.0,1.0,0.33333333333333326,3.3333333333333335,3.1666666666666665,0.4082482904638643,4.0,4.0,4.0
Lahore,2026-08-18 06:00:00+00:00,4,185.0,0.43,2.12,80.15,2.76,37.12,113.56,2.38,6,18,8,1,0,4.0,3.0,3.0,3.0,3.0,0.0,0.0,3.6666666666666665,3.3333333333333335,0.5163977794943235,4.0,4.0,4.0
Lahore,2026-08-18 07:00:00+00:00,4,140.44,0.2,1.08,85.34,2.15,32.45,106.25,1.13,7,18,8,1,0,4.0,3.0,3.0,3.0,3.0,0.0,0.0,4.0,3.5,0.5477225575051676,4.0,4.0,4.0
Lahore,2026-08-18 08:00:00+00:00,3,126.19,0.15,0.8,85.37,1.85,28.87,96.65,0.61,8,18,8,1,0,4.0,4.0,3.0,3.0,3.0,-1.0,-0.25,3.6666666666666665,3.5,0.5477225575051676,4.0,4.0,4.0
Lahore,2026-08-18 09:00:00+00:00,3,124.01,0.14,0.81,87.18,1.96,28.49,94.59,0.49,9,18,8,1,0,3.0,4.0,3.0,3.0,3.0,0.0,0.0,3.3333333333333335,3.5,0.5477225575051676,4.0,4.0,4.0
Lahore,2026-08-18 10:00:00+00:00,3,126.28,0.14,0.94,89.78,2.15,29.34,96.34,0.49,10,18,8,1,0,3.0,4.0,3.0,3.0,3.0,0.0,0.0,3.0,3.5,0.5477225575051676,4.0,4.0,4.0
Lahore,2026-08-18 11:00:00+00:00,3,131.64,0.16,1.28,90.84,2.34,30.76,99.17,0.58,11,18,8,1,0,3.0,3.0,4.0,3.0,3.0,0.0,0.0,3.0,3.3333333333333335,0.5163977794943235,4.0,4.0,4.0
Lahore,2026-08-18 12:00:00+00:00,4,139.57,0.15,1.9,89.62,2.53,31.76,101.27,0.74,12,18,8,1,0,3.0,3.0,4.0,3.0,3.0,1.0,0.33333333333333326,3.3333333333333335,3.3333333333333335,0.5163977794943235,4.0,4.0,4.0
Lahore,2026-08-18 13:00:00+00:00,4,184.5,0.13,4.88,76.51,2.63,33.05,102.24,1.9,13,18,8,1,0,4.0,3.0,4.0,3.0,3.0,0.0,0.0,3.6666666666666665,3.3333333333333335,0.5163977794943235,4.0,4.0,3.0
Lahore,2026-08-18 14:00:00+00:00,4,261.9,0.01,9.03,58.83,2.78,34.97,102.8,3.69,14,18,8,1,0,4.0,3.0,3.0,3.0,3.0,0.0,0.0,4.0,3.5,0.5477225575051676,4.0,4.0,3.0
Lahore,2026-08-18 15:00:00+00:00,4,332.2,0.0,12.06,47.73,3.03,36.95,103.8,5.26,15,18,8,1,0,4.0,4.0,3.0,3.0,3.0,0.0,0.0,4.0,3.6666666666666665,0.5163977794943242,4.0,4.0,3.0
Lahore,2026-08-18 16:00:00+00:00,4,382.41,0.0,14.63,41.69,3.42,38.33,103.85,6.55,16,18,8,1,0,4.0,4.0,3.0,3.0,3.0,0.0,0.0,4.0,3.8333333333333335,0.408248290463866,3.0,4.0,3.0
Lahore,2026-08-18 17:00:00+00:00,4,413.05,0.0,15.9,39.45,3.78,39.36,105.08,7.2,17,18,8,1,0,4.0,4.0,3.0,4.0,3.0,0.0,0.0,4.0,4.0,0.0,3.0,4.0,3.0
Lahore,2026-08-18 18:00:00+00:00,4,423.36,0.0,16.1,38.57,3.94,39.75,106.21,7.24,18,18,8,1,0,4.0,4.0,4.0,4.0,3.0,0.0,0.0,4.0,4.0,0.0,3.0,4.0,3.0
Lahore,2026-08-18 19:00:00+00:00,4,407.15,0.0,15.26,37.97,3.89,38.78,105.35,6.71,19,18,8,1,0,4.0,4.0,4.0,4.0,3.0,0.0,0.0,4.0,4.0,0.0,3.0,4.0,3.0
Lahore,2026-08-18 20:00:00+00:00,4,391.25,0.0,14.46,36.59,3.73,37.7,103.65,6.3,20,18,8,1,0,4.0,4.0,4.0,3.0,3.0,0.0,0.0,4.0,4.0,0.0,4.0,4.0,3.0
Lahore,2026-08-18 21:00:00+00:00,4,365.58,0.0,13.17,36.14,3.58,36.1,102.0,5.89,21,18,8,1,0,4.0,4.0,4.0,3.0,3.0,0.0,0.0,4.0,4.0,0.0,4.0,4.0,3.0
Lahore,2026-08-18 22:00:00+00:00,3,336.2,0.0,11.68,35.79,3.21,34.1,99.13,5.5,22,18,8,1,0,4.0,4.0,4.0,3.0,3.0,-1.0,-0.25,3.6666666666666665,3.8333333333333335,0.408248290463866,4.0,4.0,3.0
Lahore,2026-08-18 23:00:00+00:00,3,335.09,0.0,11.56,31.87,2.64,33.43,95.34,5.72,23,18,8,1,0,3.0,4.0,4.0,3.0,3.0,0.0,0.0,3.3333333333333335,3.6666666666666665,0.5163977794943242,4.0,4.0,4.0
Lahore,2026-08-19 00:00:00+00:00,3,342.25,0.01,11.82,28.09,2.26,33.31,92.97,6.03,0,19,8,2,0,3.0,4.0,4.0,4.0,3.0,0.0,0.0,3.0,3.5,0.5477225575051676,4.0,4.0,4.0
Lahore,2026-08-19 01:00:00+00:00,3,353.6,0.04,11.91,24.55,2.05,33.21,91.32,6.15,1,19,8,2,0,3.0,3.0,4.0,4.0,3.0,0.0,0.0,3.0,3.3333333333333335,0.5163977794943235,4.0,3.0,4.0
Lahore,2026-08-19 02:00:00+00:00,3,367.73,0.7,10.9,23.64,2.08,32.89,92.44,6.02,2,19,8,2,0,3.0,3.0,4.0,4.0,3.0,0.0,0.0,3.0,3.1666666666666665,0.4082482904638643,4.0,3.0,4.0
Lahore,2026-08-19 03:00:00+00:00,3,333.48,2.01,7.75,31.26,2.18,30.55,96.16,5.05,3,19,8,2,0,3.0,3.0,4.0,4.0,3.0,0.0,0.0,3.0,3.0,0.0,4.0,3.0,4.0
Lahore,2026-08-19 04:00:00+00:00,4,155.31,0.52,2.52,62.2,1.81,24.35,102.19,1.73,4,19,8,2,0,3.0,3.0,3.0,4.0,3.0,1.0,0.33333333333333326,3.3333333333333335,3.1666666666666665,0.4082482904638643,4.0,4.0,4.0
Lahore,2026-08-19 05:00:00+00:00,4,130.14,0.28,1.39,73.82,1.73,25.25,103.66,1.12,5,19,8,2,0,4.0,3.0,3.0,4.0,4.0,0.0,0.0,3.6666666666666665,3.3333333333333335,0.5163977794943235,4.0,4.0,4.0
Lahore,2026-08-19 06:00:00+00:00,4,125.75,0.22,1.08,81.27,1.96,27.48,105.67,0.95,6,19,8,2,0,4.0,3.0,3.0,4.0,4.0,0.0,0.0,4.0,3.5,0.5477225575051676,4.0,4.0,4.0
Lahore,2026-08-19 07:00:00+00:00,4,125.4,0.18,0.94,87.96,2.27,29.82,107.72,0.8,7,19,8,2,0,4.0,4.0,3.0,4.0,4.0,0.0,0.0,4.0,3.6666666666666665,0.5163977794943242,4.0,4.0,4.0
Lahore,2026-08-19 08:00:00+00:00,4,124.67,0.16,0.88,92.7,2.55,31.05,107.28,0.7,8,19,8,2,0,4.0,4.0,3.0,4.0,3.0,0.0,0.0,4.0,3.8333333333333335,0.408248290463866,4.0,4.0,4.0
Lahore,2026-08-19 09:00:00+00:00,4,124.43,0.14,0.9,96.72,2.92,31.87,106.09,0.66,9,19,8,2,0,4.0,4.0,3.0,4.0,3.0,0.0,0.0,4.0,4.0,0.0,4.0,4.0,4.0
Lahore,2026-08-19 10:00:00+00:00,4,133.34,0.18,1.28,98.61,3.33,33.11,105.11,0.91,10,19,8,2,0,4.0,4.0,4.0,3.0,3.0,0.0,0.0,4.0,4.0,0.0,4.0,4.0,4.0
Lahore,2026-08-19 11:00:00+00:00,4,152.21,0.25,2.12,97.34,3.78,34.76,104.29,1.44,11,19,8,2,0,4.0,4.0,4.0,3.0,3.0,0.0,0.0,4.0,4.0,0.0,4.0,4.0,4.0
Lahore,2026-08-19 12:00:00+00:00,4,173.57,0.26,3.45,94.36,4.24,35.84,103.48,1.93,12,19,8,2,0,4.0,4.0,4.0,3.0,4.0,0.0,0.0,4.0,4.0,0.0,4.0,4.0,4.0
Lahore,2026-08-19 13:00:00+00:00,4,211.9,0.15,6.12,84.49,4.47,37.01,103.03,2.59,13,19,8,2,0,4.0,4.0,4.0,3.0,4.0,0.0,0.0,4.0,4.0,0.0,4.0,3.0,4.0
Lahore,2026-08-19 14:00:00+00:00,4,267.96,0.01,9.11,70.29,4.48,38.57,102.89,3.76,14,19,8,2,0,4.0,4.0,4.0,3.0,4.0,0.0,0.0,4.0,4.0,0.0,4.0,3.0,4.0
Lahore,2026-08-19 15:00:00+00:00,4,319.69,0.0,11.25,59.07,4.38,40.03,102.1,4.9,15,19,8,2,0,4.0,4.0,4.0,3.0,4.0,0.0,0.0,4.0,4.0,0.0,4.0,3.0,4.0
Lahore,2026-08-19 16:00:00+00:00,3,358.59,0.0,12.81,50.25,4.15,40.82,99.95,5.88,16,19,8,2,0,4.0,4.0,4.0,4.0,4.0,-1.0,-0.25,3.6666666666666665,3.8333333333333335,0.408248290463866,4.0,3.0,4.0
Lahore,2026-08-19 17:00:00+00:00,3,393.68,0.0,13.9,43.87,3.98,42.18,99.43,6.62,17,19,8,2,0,3.0,4.0,4.0,4.0,4.0,0.0,0.0,3.3333333333333335,3.6666666666666665,0.5163977794943242,4.0,3.0,4.0
Lahore,2026-08-19 18:00:00+00:00,3,421.85,0.0,14.59,39.09,3.84,44.02,99.58,7.01,18,19,8,2,0,3.0,4.0,4.0,4.0,4.0,0.0,0.0,3.0,3.5,0.5477225575051676,4.0,3.0,4.0
Lahore,2026-08-19 19:00:00+00:00,3,427.86,0.0,14.44,36.55,3.73,45.54,99.67,6.82,19,19,8,2,0,3.0,3.0,4.0,4.0,4.0,0.0,0.0,3.0,3.3333333333333335,0.5163977794943235,4.0,3.0,4.0
Lahore,2026-08-19 20:00:00+00:00,4,426.1,0.0,14.0,35.27,3.71,47.01,100.41,6.54,20,19,8,2,0,3.0,3.0,4.0,4.0,4.0,1.0,0.33333333333333326,3.3333333333333335,3.3333333333333335,0.5163977794943235,4.0,3.0,4.0
Lahore,2026-08-19 21:00:00+00:00,4,420.62,0.0,13.51,34.16,3.72,47.86,101.37,6.29,21,19,8,2,0,4.0,3.0,4.0,4.0,4.0,0.0,0.0,3.6666666666666665,3.3333333333333335,0.5163977794943235,4.0,3.0,3.0
Lahore,2026-08-19 22:00:00+00:00,4,416.41,0.0,13.31,31.24,3.42,47.92,101.25,6.13,22,19,8,2,0,4.0,3.0,3.0,4.0,3.0,0.0,0.0,4.0,3.5,0.5477225575051676,4.0,3.0,4.0
Lahore,2026-08-19 23:00:00+00:00,4,422.94,0.0,13.59,26.42,2.89,48.46,100.99,6.04,23,19,8,2,0,4.0,4.0,3.0,4.0,3.0,0.0,0.0,4.0,3.6666666666666665,0.5163977794943242,4.0,4.0,3.0
Lahore,2026-08-20 00:00:00+00:00,4,426.77,0.01,13.76,22.79,2.48,48.85,101.13,5.81,0,20,8,3,0,4.0,4.0,3.0,4.0,3.0,0.0,0.0,4.0,3.8333333333333335,0.408248290463866,4.0,4.0,3.0
Lahore,2026-08-20 01:00:00+00:00,4,427.6,0.02,13.54,20.28,2.26,48.81,100.75,5.6,1,20,8,3,0,4.0,4.0,3.0,4.0,3.0,0.0,0.0,4.0,4.0,0.0,3.0,4.0,3.0
Lahore,2026-08-20 02:00:00+00:00,4,438.59,0.75,12.49,19.41,2.24,48.35,102.87,5.73,2,20,8,3,0,4.0,4.0,4.0,4.0,3.0,0.0,0.0,4.0,4.0,0.0,3.0,4.0,3.0
Lahore,2026-08-20 03:00:00+00:00,4,435.06,2.92,9.4,24.71,2.33,46.68,109.55,5.49,3,20,8,3,0,4.0,4.0,4.0,4.0,3.0,0.0,0.0,4.0,4.0,0.0,3.0,4.0,3.0
Lahore,2026-08-20 04:00:00+00:00,4,282.42,1.38,5.37,51.16,2.58,39.36,122.64,3.23,4,20,8,3,0,4.0,4.0,4.0,3.0,4.0,0.0,0.0,4.0,4.0,0.0,4.0,4.0,3.0
Lahore,2026-08-20 05:00:00+00:00,4,232.32,0.71,3.35,69.63,2.43,40.02,126.94,2.54,5,20,8,3,0,4.0,4.0,4.0,3.0,4.0,0.0,0.0,4.0,4.0,0.0,4.0,4.0,3.0
Lahore,2026-08-20 06:00:00+00:00,4,207.82,0.36,2.11,87.03,2.39,45.23,132.6,2.2,6,20,8,3,0,4.0,4.0,4.0,3.0,4.0,0.0,0.0,4.0,4.0,0.0,4.0,4.0,4.0
Lahore,2026-08-20 07:00:00+00:00,4,166.49,0.21,1.29,93.62,2.35,41.34,127.71,1.33,7,20,8,3,0,4.0,4.0,4.0,3.0,4.0,0.0,0.0,4.0,4.0,0.0,4.0,4.0,4.0
Lahore,2026-08-20 08:00:00+00:00,4,144.64,0.16,1.05,93.91,2.37,36.75,117.91,0.84,8,20,8,3,0,4.0,4.0,4.0,4.0,4.0,0.0,0.0,4.0,4.0,0.0,4.0,4.0,3.0
Lahore,2026-08-20 09:00:00+00:00,4,140.68,0.14,1.06,95.05,2.45,34.95,110.39,0.75,9,20,8,3,0,4.0,4.0,4.0,4.0,4.0,0.0,0.0,4.0,4.0,0.0,4.0,4.0,3.0
Lahore,2026-08-20 10:00:00+00:00,4,158.57,0.23,1.84,92.1,2.6,35.36,105.58,1.34,10,20,8,3,0,4.0,4.0,4.0,4.0,4.0,0.0,0.0,4.0,4.0,0.0,4.0,4.0,3.0
Lahore,2026-08-20 11:00:00+00:00,4,198.64,0.41,3.38,86.62,2.85,38.22,105.4,2.42,11,20,8,3,0,4.0,4.0,4.0,4.0,4.0,0.0,0.0,4.0,4.0,0.0,4.0,4.0,3.0
Lahore,2026-08-20 12:00:00+00:00,4,244.05,0.49,5.52,81.2,3.15,41.55,106.44,3.44,12,20,8,3,0,4.0,4.0,4.0,4.0,4.0,0.0,0.0,4.0,4.0,0.0,4.0,4.0,3.0
Lahore,2026-08-20 13:00:00+00:00,4,314.42,0.27,9.68,68.55,3.31,45.17,106.53,4.76,13,20,8,3,0,4.0,4.0,4.0,4.0,4.0,0.0,0.0,4.0,4.0,0.0,3.0,4.0,3.0
Lahore,2026-08-20 14:00:00+00:00,4,389.92,0.01,13.0,56.93,3.4,49.18,106.9,5.52,14,20,8,3,0,4.0,4.0,4.0,4.0,4.0,0.0,0.0,4.0,4.0,0.0,3.0,4.0,3.0
Lahore,2026-08-20 15:00:00+00:00,4,440.28,0.0,14.55,53.7,3.58,52.53,106.27,5.85,15,20,8,3,0,4.0,4.0,4.0,4.0,4.0,0.0,0.0,4.0,4.0,0.0,3.0,4.0,3.0
Lahore,2026-08-20 16:00:00+00:00,4,474.92,0.0,15.7,51.96,3.66,54.38,103.0,6.09,16,20,8,3,0,4.0,4.0,4.0,4.0,3.0,0.0,0.0,4.0,4.0,0.0,3.0,4.0,3.0
Lahore,2026-08-20 17:00:00+00:00,4,509.47,0.0,16.77,47.55,3.47,55.84,100.09,6.31,17,20,8,3,0,4.0,4.0,4.0,4.0,3.0,0.0,0.0,4.0,4.0,0.0,3.0,4.0,3.0
Lahore,2026-08-20 18:00:00+00:00,4,526.63,0.01,17.17,43.63,3.13,56.03,97.13,6.23,18,20,8,3,0,4.0,4.0,4.0,4.0,3.0,0.0,0.0,4.0,4.0,0.0,3.0,4.0,4.0
Lahore,2026-08-20 19:00:00+00:00,4,500.22,0.0,15.59,42.51,2.8,54.03,94.11,5.58,19,20,8,3,0,4.0,4.0,4.0,4.0,3.0,0.0,0.0,4.0,4.0,0.0,3.0,4.0,3.0
Lahore,2026-08-20 20:00:00+00:00,4,488.83,0.0,14.64,39.21,2.52,52.56,92.85,5.34,20,20,8,3,0,4.0,4.0,4.0,4.0,4.0,0.0,0.0,4.0,4.0,0.0,3.0,4.0,3.0
Lahore,2026-08-20 21:00:00+00:00,4,492.27,0.0,14.47,34.19,2.31,51.75,93.07,5.35,21,20,8,3,0,4.0,4.0,4.0,4.0,4.0,0.0,0.0,4.0,4.0,0.0,3.0,3.0,4.0
Lahore,2026-08-20 22:00:00+00:00,4,496.24,0.0,14.31,30.37,2.31,51.25,94.05,5.04,22,20,8,3,0,4.0,4.0,4.0,4.0,4.0,0.0,0.0,4.0,4.0,0.0,3.0,4.0,4.0
Lahore,2026-08-20 23:00:00+00:00,4,495.99,0.0,13.72,27.73,2.4,51.0,94.81,4.15,23,20,8,3,0,4.0,4.0,4.0,4.0,4.0,0.0,0.0,4.0,4.0,0.0,4.0,3.0,4.0
Lahore,2026-08-21 00:00:00+00:00,4,495.39,0.0,12.93,25.88,2.47,50.67,94.32,3.31,0,21,8,4,0,4.0,4.0,4.0,4.0,4.0,0.0,0.0,4.0,4.0,0.0,4.0,3.0,4.0
Lahore,2026-08-21 01:00:00+00:00,3,477.61,0.0,11.66,25.48,2.37,49.21,92.99,2.9,1,21,8,4,0,4.0,4.0,4.0,4.0,4.0,-1.0,-0.25,3.6666666666666665,3.8333333333333335,0.408248290463866,4.0,3.0,4.0
Lahore,2026-08-21 02:00:00+00:00,3,457.44,0.19,10.66,26.68,2.49,47.48,95.21,2.99,2,21,8,4,0,3.0,4.0,4.0,4.0,4.0,0.0,0.0,3.3333333333333335,3.6666666666666665,0.5163977794943242,4.0,3.0,4.0
Lahore,2026-08-21 03:00:00+00:00,3,429.66,1.01,9.37,30.52,2.7,45.25,99.75,3.18,3,21,8,4,0,3.0,4.0,4.0,4.0,4.0,0.0,0.0,3.0,3.5,0.5477225575051676,4.0,3.0,4.0
Lahore,2026-08-21 04:00:00+00:00,4,357.28,1.25,7.52,41.4,3.03,42.34,110.25,2.93,4,21,8,4,0,3.0,3.0,4.0,4.0,4.0,1.0,0.33333333333333326,3.3333333333333335,3.5,0.5477225575051676,4.0,3.0,4.0
Lahore,2026-08-21 05:00:00+00:00,4,317.51,1.19,6.02,51.77,3.01,43.08,119.73,2.85,5,21,8,4,0,4.0,3.0,4.0,4.0,4.0,0.0,0.0,3.6666666666666665,3.5,0.5477225575051676,4.0,3.0,4.0
Lahore,2026-08-21 06:00:00+00:00,4,284.68,0.77,4.23,69.34,2.86,49.21,134.0,2.79,6,21,8,4,0,4.0,3.0,4.0,4.0,4.0,0.0,0.0,4.0,3.5,0.5477225575051676,4.0,4.0,4.0
Lahore,2026-08-21 07:00:00+00:00,4,202.75,0.3,2.0,82.9,2.05,45.69,143.13,1.75,7,21,8,4,0,4.0,4.0,3.0,4.0,4.0,0.0,0.0,4.0,3.6666666666666665,0.5163977794943242,4.0,4.0,4.0
Lahore,2026-08-21 08:00:00+00:00,4,158.4,0.16,1.25,83.54,1.53,39.48,137.29,1.14,8,21,8,4,0,4.0,4.0,3.0,4.0,4.0,0.0,0.0,4.0,3.8333333333333335,0.408248290463866,4.0,3.0,4.0
Lahore,2026-08-21 09:00:00+00:00,4,145.49,0.13,1.17,84.04,1.45,35.95,127.04,0.98,9,21,8,4,0,4.0,4.0,3.0,4.0,4.0,0.0,0.0,4.0,4.0,0.0,4.0,3.0,4.0
Lahore,2026-08-21 10:00:00+00:00,4,140.57,0.12,1.21,84.98,1.46,33.35,116.45,0.92,10,21,8,4,0,4.0,4.0,4.0,4.0,4.0,0.0,0.0,4.0,4.0,0.0,4.0,3.0,4.0
Lahore,2026-08-21 11:00:00+00:00,4,139.72,0.14,1.39,85.46,1.56,31.48,107.55,0.92,11,21,8,4,0,4.0,4.0,4.0,4.0,4.0,0.0,0.0,4.0,4.0,0.0,4.0,3.0,4.0
Lahore,2026-08-21 12:00:00+00:00,4,142.34,0.14,1.82,84.74,1.76,30.24,101.41,0.97,12,21,8,4,0,4.0,4.0,4.0,4.0,4.0,0.0,0.0,4.0,4.0,0.0,4.0,3.0,4.0
Lahore,2026-08-21 13:00:00+00:00,3,182.38,0.13,4.61,74.12,1.96,30.61,98.84,1.87,13,21,8,4,0,4.0,4.0,4.0,3.0,4.0,-1.0,-0.25,3.6666666666666665,3.8333333333333335,0.408248290463866,4.0,3.0,4.0
Lahore,2026-08-21 14:00:00+00:00,3,252.16,0.01,8.47,59.3,2.16,32.12,98.28,3.34,14,21,8,4,0,3.0,4.0,4.0,3.0,4.0,0.0,0.0,3.3333333333333335,3.6666666666666665,0.5163977794943242,4.0,3.0,4.0
Lahore,2026-08-21 15:00:00+00:00,3,313.96,0.0,11.1,49.5,2.35,33.55,97.37,4.59,15,21,8,4,0,3.0,4.0,4.0,3.0,4.0,0.0,0.0,3.0,3.5,0.5477225575051676,4.0,3.0,4.0
Lahore,2026-08-21 16:00:00+00:00,3,366.65,0.0,13.42,41.32,2.58,34.89,96.22,5.69,16,21,8,4,0,3.0,3.0,4.0,4.0,4.0,0.0,0.0,3.0,3.3333333333333335,0.5163977794943235,4.0,3.0,4.0
Lahore,2026-08-21 17:00:00+00:00,3,414.83,0.0,15.23,34.23,2.85,36.58,96.55,6.46,17,21,8,4,0,3.0,3.0,4.0,4.0,4.0,0.0,0.0,3.0,3.1666666666666665,0.4082482904638643,4.0,3.0,4.0
Lahore,2026-08-21 18:00:00+00:00,3,445.8,0.0,16.24,29.17,3.05,37.95,97.1,6.76,18,21,8,4,0,3.0,3.0,4.0,4.0,4.0,0.0,0.0,3.0,3.0,0.0,4.0,4.0,4.0
Lahore,2026-08-21 19:00:00+00:00,3,446.58,0.0,16.21,26.4,3.02,38.22,96.69,6.54,19,21,8,4,0,3.0,3.0,3.0,4.0,4.0,0.0,0.0,3.0,3.0,0.0,4.0,3.0,4.0
Lahore,2026-08-21 20:00:00+00:00,3,435.8,0.0,15.7,24.97,2.79,38.02,95.86,6.18,20,21,8,4,0,3.0,3.0,3.0,4.0,4.0,0.0,0.0,3.0,3.0,0.0,4.0,3.0,4.0
Lahore,2026-08-21 21:00:00+00:00,3,397.09,0.0,13.96,26.7,2.58,36.9,95.97,5.61,21,21,8,4,0,3.0,3.0,3.0,4.0,4.0,0.0,0.0,3.0,3.0,0.0,3.0,4.0,4.0
Lahore,2026-08-21 22:00:00+00:00,3,320.24,0.0,10.51,33.54,2.37,34.38,99.29,4.63,22,21,8,4,0,3.0,3.0,3.0,4.0,4.0,0.0,0.0,3.0,3.0,0.0,4.0,4.0,4.0
Lahore,2026-08-21 23:00:00+00:00,4,276.48,0.0,8.75,36.16,1.93,33.17,101.38,4.34,23,21,8,4,0,3.0,3.0,3.0,4.0,4.0,1.0,0.33333333333333326,3.3333333333333335,3.1666666666666665,0.4082482904638643,3.0,4.0,5.0
Lahore,2026-08-22 00:00:00+00:00,4,250.87,0.0,7.8,37.44,1.65,32.51,102.99,4.28,0,22,8,5,1,4.0,3.0,3.0,4.0,4.0,0.0,0.0,3.6666666666666665,3.3333333333333335,0.5163977794943235,3.0,4.0,5.0
Lahore,2026-08-22 01:00:00+00:00,4,234.89,0.0,7.15,38.17,1.58,31.9,104.17,4.16,1,22,8,5,1,4.0,3.0,3.0,3.0,3.0,0.0,0.0,4.0,3.5,0.5477225575051676,3.0,4.0,4.0
Lahore,2026-08-22 02:00:00+00:00,4,220.49,0.19,6.28,39.09,1.67,31.11,106.01,3.89,2,22,8,5,1,4.0,4.0,3.0,3.0,3.0,0.0,0.0,4.0,3.6666666666666665,0.5163977794943242,3.0,4.0,4.0
Lahore,2026-08-22 03:00:00+00:00,4,198.19,0.75,4.59,44.02,1.83,29.85,108.84,3.28,3,22,8,5,1,4.0,4.0,3.0,3.0,3.0,0.0,0.0,4.0,3.8333333333333335,0.408248290463866,3.0,4.0,4.0
Lahore,2026-08-22 04:00:00+00:00,4,155.66,0.61,2.67,56.91,2.03,28.15,111.36,2.17,4,22,8,5,1,4.0,4.0,3.0,3.0,4.0,0.0,0.0,4.0,4.0,0.0,3.0,4.0,4.0
Lahore,2026-08-22 05:00:00+00:00,4,144.61,0.42,1.84,68.44,2.27,29.51,112.32,1.86,5,22,8,5,1,4.0,4.0,4.0,3.0,4.0,0.0,0.0,4.0,4.0,0.0,3.0,4.0,4.0
Lahore,2026-08-22 06:00:00+00:00,4,141.48,0.29,1.37,79.75,2.47,33.19,115.53,1.65,6,22,8,5,1,4.0,4.0,4.0,3.0,4.0,0.0,0.0,4.0,4.0,0.0,4.0,4.0,4.0
Lahore,2026-08-22 07:00:00+00:00,4,126.43,0.17,0.84,83.1,2.01,32.71,115.52,0.88,7,22,8,5,1,4.0,4.0,4.0,3.0,4.0,0.0,0.0,4.0,4.0,0.0,4.0,4.0,4.0
Lahore,2026-08-22 08:00:00+00:00,4,120.23,0.14,0.69,82.76,1.73,31.47,111.66,0.55,8,22,8,5,1,4.0,4.0,4.0,3.0,4.0,0.0,0.0,4.0,4.0,0.0,3.0,4.0,4.0
Lahore,2026-08-22 09:00:00+00:00,4,120.6,0.13,0.73,84.19,1.76,31.19,108.77,0.48,9,22,8,5,1,4.0,4.0,4.0,3.0,4.0,0.0,0.0,4.0,4.0,0.0,3.0,4.0,4.0
Lahore,2026-08-22 10:00:00+00:00,4,125.98,0.16,0.94,85.63,1.86,31.75,108.64,0.63,10,22,8,5,1,4.0,4.0,4.0,3.0,4.0,0.0,0.0,4.0,4.0,0.0,3.0,4.0,4.0
Lahore,2026-08-22 11:00:00+00:00,4,136.59,0.21,1.43,85.17,2.0,32.8,109.59,1.0,11,22,8,5,1,4.0,4.0,4.0,4.0,4.0,0.0,0.0,4.0,4.0,0.0,3.0,4.0,4.0
Lahore,2026-08-22 12:00:00+00:00,4,148.76,0.22,2.21,82.79,2.14,33.53,110.36,1.38,12,22,8,5,1,4.0,4.0,4.0,4.0,4.0,0.0,0.0,4.0,4.0,0.0,3.0,4.0,4.0
Lahore,2026-08-22 13:00:00+00:00,4,189.42,0.16,4.94,71.18,2.14,34.45,110.32,2.43,13,22,8,5,1,4.0,4.0,4.0,4.0,3.0,0.0,0.0,4.0,4.0,0.0,3.0,4.0,4.0
Lahore,2026-08-22 14:00:00+00:00,4,250.73,0.01,8.28,56.5,2.14,35.83,109.67,3.85,14,22,8,5,1,4.0,4.0,4.0,4.0,3.0,0.0,0.0,4.0,4.0,0.0,3.0,4.0,4.0
Lahore,2026-08-22 15:00:00+00:00,4,303.05,0.0,10.43,47.96,2.22,37.13,109.35,5.03,15,22,8,5,1,4.0,4.0,4.0,4.0,3.0,0.0,0.0,4.0,4.0,0.0,3.0,4.0,4.0
Lahore,2026-08-22 16:00:00+00:00,4,353.53,0.0,12.7,39.7,2.34,38.31,106.99,6.25,16,22,8,5,1,4.0,4.0,4.0,4.0,3.0,0.0,0.0,4.0,4.0,0.0,3.0,4.0,4.0
Lahore,2026-08-22 17:00:00+00:00,4,408.79,0.0,14.8,31.18,2.4,39.95,105.7,7.18,17,22,8,5,1,4.0,4.0,4.0,4.0,3.0,0.0,0.0,4.0,4.0,0.0,3.0,4.0,5.0
Lahore,2026-08-22 18:00:00+00:00,4,450.52,0.0,16.4,24.94,2.36,41.16,105.01,7.59,18,22,8,5,1,4.0,4.0,4.0,4.0,3.0,0.0,0.0,4.0,4.0,0.0,4.0,4.0,5.0
Lahore,2026-08-22 19:00:00+00:00,4,453.56,0.01,16.25,22.75,2.29,40.9,103.28,7.23,19,22,8,5,1,4.0,4.0,4.0,4.0,3.0,0.0,0.0,4.0,4.0,0.0,3.0,4.0,4.0
Lahore,2026-08-22 20:00:00+00:00,4,445.63,0.01,15.79,22.33,2.19,40.22,100.95,6.78,20,22,8,5,1,4.0,4.0,4.0,4.0,3.0,0.0,0.0,4.0,4.0,0.0,3.0,4.0,4.0
Lahore,2026-08-22 21:00:00+00:00,3,419.17,0.0,14.74,24.15,2.18,38.77,98.46,6.18,21,22,8,5,1,4.0,4.0,4.0,4.0,3.0,-1.0,-0.25,3.6666666666666665,3.8333333333333335,0.408248290463866,4.0,4.0,4.0
Lahore,2026-08-22 22:00:00+00:00,4,319.15,0.0,10.69,35.87,2.61,34.55,100.05,4.69,22,22,8,5,1,3.0,4.0,4.0,4.0,3.0,1.0,0.33333333333333326,3.6666666666666665,3.8333333333333335,0.408248290463866,4.0,4.0,4.0
Lahore,2026-08-22 23:00:00+00:00,3,287.25,0.0,9.63,35.86,2.21,32.86,97.11,4.64,23,22,8,5,1,4.0,4.0,4.0,4.0,4.0,-1.0,-0.25,3.3333333333333335,3.6666666666666665,0.5163977794943242,4.0,5.0,4.0
Lahore,2026-08-23 00:00:00+00:00,3,277.04,0.0,9.34,33.45,1.78,31.97,94.45,4.88,0,23,8,6,1,3.0,3.0,4.0,4.0,4.0,0.0,0.0,3.3333333333333335,3.5,0.5477225575051676,4.0,5.0,4.0
Lahore,2026-08-23 01:00:00+00:00,3,278.61,0.0,9.22,30.52,1.52,31.38,92.52,4.94,1,23,8,6,1,3.0,4.0,4.0,4.0,4.0,0.0,0.0,3.0,3.3333333333333335,0.5163977794943235,4.0,4.0,4.0
Lahore,2026-08-23 02:00:00+00:00,3,281.34,0.28,8.6,29.73,1.56,30.6,92.16,4.69,2,23,8,6,1,3.0,3.0,4.0,4.0,4.0,0.0,0.0,3.0,3.1666666666666665,0.4082482904638643,4.0,4.0,4.0
Lahore,2026-08-23 03:00:00+00:00,3,260.97,1.09,6.47,35.98,1.86,28.92,93.88,3.95,3,23,8,6,1,3.0,3.0,3.0,4.0,4.0,0.0,0.0,3.0,3.1666666666666665,0.4082482904638643,4.0,4.0,4.0
Lahore,2026-08-23 04:00:00+00:00,3,166.6,0.6,3.02,55.89,2.25,25.24,97.33,1.99,4,23,8,6,1,3.0,3.0,4.0,4.0,4.0,0.0,0.0,3.0,3.0,0.0,4.0,4.0,4.0
Lahore,2026-08-23 05:00:00+00:00,3,150.56,0.4,1.96,66.9,2.2,26.02,98.08,1.57,5,23,8,6,1,3.0,3.0,3.0,4.0,4.0,0.0,0.0,3.0,3.0,0.0,4.0,4.0,4.0
Lahore,2026-08-23 06:00:00+00:00,4,147.66,0.27,1.43,76.84,2.21,29.03,100.35,1.46,6,23,8,6,1,3.0,3.0,3.0,4.0,4.0,1.0,0.33333333333333326,3.3333333333333335,3.1666666666666665,0.4082482904638643,4.0,4.0,4.0
Lahore,2026-08-23 07:00:00+00:00,4,141.03,0.19,1.08,83.59,2.07,30.86,101.0,1.27,7,23,8,6,1,4.0,3.0,3.0,4.0,4.0,0.0,0.0,3.6666666666666665,3.3333333333333335,0.5163977794943235,4.0,4.0,4.0
Lahore,2026-08-23 08:00:00+00:00,3,134.1,0.16,0.92,86.67,1.99,31.01,99.15,1.05,8,23,8,6,1,4.0,3.0,3.0,4.0,4.0,-1.0,-0.25,3.6666666666666665,3.3333333333333335,0.5163977794943235,4.0,4.0,4.0
Lahore,2026-08-23 09:00:00+00:00,3,129.94,0.14,0.88,89.3,2.09,30.71,96.68,0.87,9,23,8,6,1,3.0,4.0,3.0,3.0,4.0,0.0,0.0,3.3333333333333335,3.3333333333333335,0.5163977794943235,4.0,4.0,4.0
Lahore,2026-08-23 10:00:00+00:00,3,131.2,0.15,1.04,91.04,2.27,30.79,95.19,0.85,10,23,8,6,1,3.0,4.0,3.0,4.0,4.0,0.0,0.0,3.0,3.3333333333333335,0.5163977794943235,4.0,4.0,4.0
Lahore,2026-08-23 11:00:00+00:00,3,138.85,0.17,1.53,89.84,2.42,31.27,94.29,1.13,11,23,8,6,1,3.0,3.0,3.0,3.0,4.0,0.0,0.0,3.0,3.3333333333333335,0.5163977794943235,4.0,4.0,4.0
Lahore,2026-08-23 12:00:00+00:00,3,149.82,0.17,2.34,87.01,2.58,31.56,93.72,1.44,12,23,8,6,1,3.0,3.0,4.0,3.0,4.0,0.0,0.0,3.0,3.1666666666666665,0.4082482904638643,4.0,4.0,4.0
Lahore,2026-08-23 13:00:00+00:00,3,205.94,0.13,6.0,70.45,2.59,32.82,92.96,3.02,13,23,8,6,1,3.0,3.0,4.0,3.0,4.0,0.0,0.0,3.0,3.0,0.0,4.0,4.0,4.0
Lahore,2026-08-23 14:00:00+00:00,3,301.92,0.01,10.89,49.45,2.58,35.44,93.34,5.3,14,23,8,6,1,3.0,3.0,3.0,3.0,4.0,0.0,0.0,3.0,3.0,0.0,4.0,4.0,4.0
Lahore,2026-08-23 15:00:00+00:00,3,392.85,0.0,14.47,36.54,2.67,38.47,94.85,7.28,15,23,8,6,1,3.0,3.0,3.0,3.0,4.0,0.0,0.0,3.0,3.0,0.0,4.0,4.0,4.0
Lahore,2026-08-23 16:00:00+00:00,3,467.15,0.0,17.36,28.13,2.82,41.39,96.15,9.12,16,23,8,6,1,3.0,3.0,3.0,3.0,4.0,0.0,0.0,3.0,3.0,0.0,4.0,4.0,4.0
Lahore,2026-08-23 17:00:00+00:00,3,531.73,0.01,19.66,21.71,2.98,44.52,98.35,10.52,17,23,8,6,1,3.0,3.0,3.0,3.0,4.0,0.0,0.0,3.0,3.0,0.0,4.0,5.0,4.0
Lahore,2026-08-23 18:00:00+00:00,4,583.5,0.05,21.56,16.37,3.02,47.14,100.05,11.1,18,23,8,6,1,3.0,3.0,3.0,4.0,4.0,1.0,0.33333333333333326,3.3333333333333335,3.1666666666666665,0.4082482904638643,4.0,5.0,4.0
Lahore,2026-08-23 19:00:00+00:00,3,602.14,0.11,22.36,12.19,2.83,48.09,99.52,10.98,19,23,8,6,1,4.0,3.0,3.0,4.0,4.0,-1.0,-0.25,3.3333333333333335,3.1666666666666665,0.4082482904638643,4.0,4.0,4.0
Lahore,2026-08-23 20:00:00+00:00,3,615.1,0.24,22.36,8.36,2.6,49.02,99.6,10.76,20,23,8,6,1,3.0,3.0,3.0,3.0,4.0,0.0,0.0,3.3333333333333335,3.1666666666666665,0.4082482904638643,4.0,4.0,4.0
Lahore,2026-08-23 21:00:00+00:00,4,628.77,0.51,21.66,5.04,2.25,50.12,99.85,10.03,21,23,8,6,1,3.0,4.0,3.0,3.0,3.0,1.0,0.33333333333333326,3.3333333333333335,3.3333333333333335,0.5163977794943235,4.0,4.0,4.0
Lahore,2026-08-23 22:00:00+00:00,4,636.99,0.91,20.47,3.18,1.87,50.98,100.1,8.59,22,23,8,6,1,4.0,3.0,3.0,3.0,4.0,0.0,0.0,3.6666666666666665,3.5,0.5477225575051676,4.0,4.0,4.0
Lahore,2026-08-23 23:00:00+00:00,4,648.54,1.1,19.76,3.08,1.67,51.85,101.2,7.36,23,23,8,6,1,4.0,3.0,3.0,3.0,3.0,0.0,0.0,4.0,3.6666666666666665,0.5163977794943242,5.0,4.0,4.0
Lahore,2026-08-24 00:00:00+00:00,4,658.09,1.16,19.59,3.66,1.55,52.44,102.42,6.49,0,24,8,0,0,4.0,4.0,4.0,3.0,3.0,0.0,0.0,4.0,3.6666666666666665,0.5163977794943242,5.0,4.0,4.0
Lahore,2026-08-24 01:00:00+00:00,4,622.43,1.26,17.13,8.24,1.64,51.18,105.12,5.6,1,24,8,0,0,4.0,4.0,3.0,3.0,3.0,0.0,0.0,4.0,3.8333333333333335,0.408248290463866,4.0,4.0,4.0
Lahore,2026-08-24 02:00:00+00:00,4,613.54,2.65,13.71,11.74,1.73,50.49,108.08,5.74,2,24,8,0,0,4.0,4.0,3.0,3.0,3.0,0.0,0.0,4.0,4.0,0.0,4.0,4.0,4.0
Lahore,2026-08-24 03:00:00+00:00,4,606.7,5.36,9.45,17.32,1.82,49.89,112.46,5.9,3,24,8,0,0,4.0,4.0,4.0,3.0,3.0,0.0,0.0,4.0,4.0,0.0,4.0,4.0,4.0
Lahore,2026-08-24 04:00:00+00:00,4,272.57,1.09,4.56,60.71,2.94,38.19,115.83,2.75,4,24,8,0,0,4.0,4.0,4.0,3.0,3.0,0.0,0.0,4.0,4.0,0.0,4.0,4.0,4.0
Lahore,2026-08-24 05:00:00+00:00,4,210.32,0.6,2.45,75.33,2.34,38.87,121.37,2.07,5,24,8,0,0,4.0,4.0,4.0,3.0,3.0,0.0,0.0,4.0,4.0,0.0,4.0,4.0,4.0
Lahore,2026-08-24 06:00:00+00:00,4,194.43,0.32,1.59,86.84,1.97,43.45,126.91,1.84,6,24,8,0,0,4.0,4.0,4.0,4.0,4.0,0.0,0.0,4.0,4.0,0.0,4.0,4.0,4.0
Lahore,2026-08-24 07:00:00+00:00,4,169.38,0.17,0.93,90.67,1.64,42.43,123.01,1.26,7,24,8,0,0,4.0,4.0,4.0,3.0,4.0,0.0,0.0,4.0,4.0,0.0,4.0,4.0,4.0
Lahore,2026-08-24 08:00:00+00:00,4,164.65,0.14,0.83,92.37,1.47,42.81,120.47,1.16,8,24,8,0,0,4.0,4.0,4.0,3.0,3.0,0.0,0.0,4.0,4.0,0.0,4.0,4.0,4.0
Lahore,2026-08-24 09:00:00+00:00,4,167.56,0.14,0.88,94.85,1.47,44.07,119.87,1.21,9,24,8,0,0,4.0,4.0,4.0,4.0,3.0,0.0,0.0,4.0,4.0,0.0,4.0,4.0,4.0
Lahore,2026-08-24 10:00:00+00:00,4,179.27,0.17,1.19,97.42,1.61,46.45,121.77,1.46,10,24,8,0,0,4.0,4.0,4.0,4.0,3.0,0.0,0.0,4.0,4.0,0.0,4.0,4.0,4.0
Lahore,2026-08-24 11:00:00+00:00,4,199.6,0.22,1.89,97.68,1.79,49.3,124.52,1.96,11,24,8,0,0,4.0,4.0,4.0,4.0,3.0,0.0,0.0,4.0,4.0,0.0,4.0,4.0,4.0
Lahore,2026-08-24 12:00:00+00:00,4,222.41,0.22,3.02,95.88,1.97,51.34,126.39,2.43,12,24,8,0,0,4.0,4.0,4.0,4.0,3.0,0.0,0.0,4.0,4.0,0.0,4.0,4.0,4.0
Lahore,2026-08-24 13:00:00+00:00,4,288.83,0.15,6.95,80.15,2.22,53.77,126.84,3.77,13,24,8,0,0,4.0,4.0,4.0,4.0,3.0,0.0,0.0,4.0,4.0,0.0,4.0,4.0,4.0
Lahore,2026-08-24 14:00:00+00:00,4,393.66,0.01,12.0,58.96,2.46,57.24,128.38,5.75,14,24,8,0,0,4.0,4.0,4.0,4.0,3.0,0.0,0.0,4.0,4.0,0.0,4.0,4.0,4.0
Lahore,2026-08-24 15:00:00+00:00,4,488.04,0.0,15.54,45.36,2.67,60.64,131.06,7.41,15,24,8,0,0,4.0,4.0,4.0,4.0,3.0,0.0,0.0,4.0,4.0,0.0,4.0,4.0,4.0
Lahore,2026-08-24 16:00:00+00:00,4,562.34,0.0,18.2,35.41,2.74,63.17,132.78,8.7,16,24,8,0,0,4.0,4.0,4.0,4.0,3.0,0.0,0.0,4.0,4.0,0.0,4.0,4.0,4.0
Lahore,2026-08-24 17:00:00+00:00,4,634.78,0.0,20.44,26.24,2.73,66.17,135.49,9.73,17,24,8,0,0,4.0,4.0,4.0,4.0,3.0,0.0,0.0,4.0,4.0,0.0,5.0,4.0,4.0
Lahore,2026-08-24 18:00:00+00:00,4,698.44,0.02,22.37,18.37,2.61,69.01,137.9,10.4,18,24,8,0,0,4.0,4.0,4.0,4.0,4.0,0.0,0.0,4.0,4.0,0.0,5.0,4.0,4.0
Lahore,2026-08-24 19:00:00+00:00,4,730.48,0.08,23.39,12.29,2.29,70.15,137.72,10.47,19,24,8,0,0,4.0,4.0,4.0,4.0,3.0,0.0,0.0,4.0,4.0,0.0,4.0,4.0,4.0
Lahore,2026-08-24 20:00:00+00:00,4,748.9,0.18,23.54,8.06,2.01,71.17,138.18,10.44,20,24,8,0,0,4.0,4.0,4.0,4.0,3.0,0.0,0.0,4.0,4.0,0.0,4.0,4.0,4.0
Lahore,2026-08-24 21:00:00+00:00,4,771.4,0.4,23.49,4.8,1.87,72.52,139.41,10.57,21,24,8,0,0,4.0,4.0,4.0,4.0,4.0,0.0,0.0,4.0,4.0,0.0,4.0,4.0,4.0
Lahore,2026-08-24 22:00:00+00:00,4,798.77,0.84,23.41,2.42,1.81,74.02,140.24,10.79,22,24,8,0,0,4.0,4.0,4.0,4.0,4.0,0.0,0.0,4.0,4.0,0.0,4.0,4.0,4.0
Lahore,2026-08-24 23:00:00+00:00,5,831.72,1.62,23.31,1.08,1.81,76.03,141.6,11.24,23,24,8,0,0,4.0,4.0,4.0,4.0,4.0,1.0,0.25,4.333333333333333,4.166666666666667,0.40824829046386674,4.0,4.0,4.0
Lahore,2026-08-25 00:00:00+00:00,5,867.47,2.77,23.29,0.42,1.91,78.23,142.84,12.39,0,25,8,1,0,5.0,4.0,4.0,4.0,4.0,0.0,0.0,4.666666666666667,4.333333333333333,0.5163977794943254,4.0,4.0,4.0
Lahore,2026-08-26 01:00:00+00:00,4,760.23,2.06,19.05,6.47,2.19,63.16,113.1,7.02,1,26,8,2,0,5.0,4.0,4.0,4.0,4.0,-1.0,-0.19999999999999996,4.666666666666667,4.333333333333333,0.5163977794943254,4.0,4.0,4.0
Lahore,2026-08-26 02:00:00+00:00,4,763.49,3.68,15.99,7.82,2.52,62.15,116.37,6.88,2,26,8,2,0,4.0,5.0,4.0,4.0,4.0,0.0,0.0,4.333333333333333,4.333333333333333,0.5163977794943254,4.0,4.0,4.0
Lahore,2026-08-26 03:00:00+00:00,4,752.22,6.81,11.36,13.93,3.08,60.47,122.49,6.59,3,26,8,2,0,4.0,5.0,4.0,4.0,4.0,0.0,0.0,4.0,4.333333333333333,0.5163977794943254,4.0,4.0,4.0
Lahore,2026-08-26 04:00:00+00:00,4,493.1,2.76,8.66,42.05,6.56,51.55,134.9,4.3,4,26,8,2,0,4.0,4.0,4.0,4.0,4.0,0.0,0.0,4.0,4.333333333333333,0.5163977794943254,4.0,4.0,4.0
Lahore,2026-08-26 05:00:00+00:00,4,442.21,1.91,6.89,59.19,5.98,56.59,147.45,3.95,5,26,8,2,0,4.0,4.0,5.0,4.0,4.0,0.0,0.0,4.0,4.166666666666667,0.40824829046386674,4.0,4.0,4.0
Lahore,2026-08-26 06:00:00+00:00,4,395.46,0.91,4.78,85.24,5.18,70.57,169.0,3.62,6,26,8,2,0,4.0,4.0,5.0,4.0,4.0,0.0,0.0,4.0,4.0,0.0,4.0,4.0,4.0
Lahore,2026-08-26 07:00:00+00:00,4,231.45,0.25,1.71,101.97,3.74,59.89,172.26,1.4,7,26,8,2,0,4.0,4.0,4.0,4.0,4.0,0.0,0.0,4.0,4.0,0.0,4.0,4.0,4.0
Lahore,2026-08-26 08:00:00+00:00,4,184.87,0.15,1.05,101.4,2.81,54.3,163.32,0.72,8,26,8,2,0,4.0,4.0,4.0,4.0,4.0,0.0,0.0,4.0,4.0,0.0,4.0,4.0,4.0
Lahore,2026-08-26 09:00:00+00:00,4,176.38,0.14,0.94,101.33,2.46,53.69,161.39,0.57,9,26,8,2,0,4.0,4.0,4.0,4.0,4.0,0.0,0.0,4.0,4.0,0.0,4.0,4.0,4.0
Lahore,2026-08-26 10:00:00+00:00,4,182.14,0.17,1.24,100.44,2.29,55.22,164.42,0.78,10,26,8,2,0,4.0,4.0,4.0,4.0,4.0,0.0,0.0,4.0,4.0,0.0,4.0,4.0,4.0
Lahore,2026-08-26 11:00:00+00:00,4,201.64,0.25,2.08,97.61,2.29,58.15,169.37,1.38,11,26,8,2,0,4.0,4.0,4.0,5.0,4.0,0.0,0.0,4.0,4.0,0.0,4.0,4.0,4.0
Lahore,2026-08-26 12:00:00+00:00,4,225.93,0.27,3.46,93.07,2.41,60.5,173.55,1.95,12,26,8,2,0,4.0,4.0,4.0,5.0,4.0,0.0,0.0,4.0,4.0,0.0,4.0,4.0,4.0
Lahore,2026-08-26 13:00:00+00:00,4,301.16,0.17,8.27,76.59,2.67,63.19,174.25,3.86,13,26,8,2,0,4.0,4.0,4.0,4.0,4.0,0.0,0.0,4.0,4.0,0.0,4.0,4.0,4.0
Lahore,2026-08-26 14:00:00+00:00,4,420.34,0.01,14.63,57.73,3.09,66.97,175.76,7.04,14,26,8,2,0,4.0,4.0,4.0,4.0,4.0,0.0,0.0,4.0,4.0,0.0,4.0,4.0,4.0
Lahore,2026-08-26 15:00:00+00:00,4,528.13,0.0,19.48,46.82,3.7,70.94,179.91,10.47,15,26,8,2,0,4.0,4.0,4.0,4.0,4.0,0.0,0.0,4.0,4.0,0.0,4.0,4.0,4.0
Lahore,2026-08-26 16:00:00+00:00,4,600.84,0.0,22.56,40.23,4.16,73.42,182.72,13.1,16,26,8,2,0,4.0,4.0,4.0,4.0,4.0,0.0,0.0,4.0,4.0,0.0,4.0,4.0,4.0
Lahore,2026-08-26 17:00:00+00:00,5,639.88,0.0,23.07,35.25,4.07,75.07,185.5,13.07,17,26,8,2,0,4.0,4.0,4.0,4.0,4.0,1.0,0.25,4.333333333333333,4.166666666666667,0.40824829046386674,4.0,4.0,4.0
Lahore,2026-08-26 18:00:00+00:00,5,657.0,0.0,22.82,32.07,3.7,75.75,185.32,11.99,18,26,8,2,0,5.0,4.0,4.0,4.0,4.0,0.0,0.0,4.666666666666667,4.333333333333333,0.5163977794943254,4.0,4.0,4.0
Lahore,2026-08-26 19:00:00+00:00,4,625.1,0.0,20.68,33.58,3.2,74.13,179.66,9.6,19,26,8,2,0,5.0,4.0,4.0,4.0,4.0,-1.0,-0.19999999999999996,4.666666666666667,4.333333333333333,0.5163977794943254,4.0,4.0,4.0
Lahore,2026-08-26 20:00:00+00:00,4,603.15,0.0,19.41,32.65,2.94,73.05,173.97,8.3,20,26,8,2,0,4.0,5.0,4.0,4.0,4.0,0.0,0.0,4.333333333333333,4.333333333333333,0.5163977794943254,4.0,4.0,4.0
Lahore,2026-08-26 21:00:00+00:00,4,581.47,0.0,18.37,30.9,2.85,72.19,168.67,7.42,21,26,8,2,0,4.0,5.0,4.0,4.0,4.0,0.0,0.0,4.0,4.333333333333333,0.5163977794943254,4.0,4.0,4.0
Lahore,2026-08-26 22:00:00+00:00,4,544.62,0.0,16.71,30.86,3.12,70.78,164.5,6.58,22,26,8,2,0,4.0,4.0,4.0,4.0,4.0,0.0,0.0,4.0,4.333333333333333,0.5163977794943254,4.0,4.0,4.0
Lahore,2026-08-26 23:00:00+00:00,4,501.4,0.0,14.85,31.96,3.4,68.98,161.42,5.91,23,26,8,2,0,4.0,4.0,5.0,4.0,5.0,0.0,0.0,4.0,4.166666666666667,0.40824829046386674,4.0,4.0,4.0
Lahore,2026-08-27 00:00:00+00:00,4,453.74,0.0,13.08,33.35,3.43,66.03,157.77,5.38,0,27,8,3,0,4.0,4.0,5.0,4.0,5.0,0.0,0.0,4.0,4.0,0.0,4.0,4.0,3.0
Lahore,2026-08-27 01:00:00+00:00,4,405.62,0.0,11.35,34.6,3.22,61.75,154.35,4.89,1,27,8,3,0,4.0,4.0,4.0,4.0,4.0,0.0,0.0,4.0,4.0,0.0,4.0,4.0,3.0
Lahore,2026-08-27 02:00:00+00:00,4,375.39,0.24,10.16,34.41,2.82,57.65,153.06,4.65,2,27,8,3,0,4.0,4.0,4.0,4.0,4.0,0.0,0.0,4.0,4.0,0.0,4.0,4.0,3.0
Lahore,2026-08-27 03:00:00+00:00,4,340.03,1.25,7.82,38.83,2.47,53.39,157.22,4.2,3,27,8,3,0,4.0,4.0,4.0,4.0,4.0,0.0,0.0,4.0,4.0,0.0,4.0,4.0,3.0
Lahore,2026-08-27 04:00:00+00:00,4,274.89,1.29,5.19,51.93,2.31,49.55,167.24,3.19,4,27,8,3,0,4.0,4.0,4.0,4.0,4.0,0.0,0.0,4.0,4.0,0.0,4.0,4.0,3.0
Lahore,2026-08-27 05:00:00+00:00,4,248.46,0.87,3.71,68.72,2.35,51.59,173.24,2.82,5,27,8,3,0,4.0,4.0,4.0,5.0,4.0,0.0,0.0,4.0,4.0,0.0,4.0,4.0,4.0
Lahore,2026-08-27 06:00:00+00:00,4,226.38,0.44,2.39,89.24,2.45,57.67,182.24,2.45,6,27,8,3,0,4.0,4.0,4.0,5.0,4.0,0.0,0.0,4.0,4.0,0.0,4.0,4.0,4.0
Lahore,2026-08-27 07:00:00+00:00,4,165.06,0.19,1.11,97.14,2.78,53.74,186.24,0.96,7,27,8,3,0,4.0,4.0,4.0,4.0,4.0,0.0,0.0,4.0,4.0,0.0,4.0,4.0,4.0
Lahore,2026-08-27 08:00:00+00:00,4,146.41,0.14,0.84,96.82,2.57,50.82,181.63,0.48,8,27,8,3,0,4.0,4.0,4.0,4.0,4.0,0.0,0.0,4.0,4.0,0.0,4.0,4.0,4.0
Lahore,2026-08-27 09:00:00+00:00,4,143.88,0.13,0.86,97.13,2.32,49.77,176.67,0.45,9,27,8,3,0,4.0,4.0,4.0,4.0,4.0,0.0,0.0,4.0,4.0,0.0,4.0,4.0,4.0
Lahore,2026-08-27 10:00:00+00:00,4,150.61,0.16,1.17,97.21,2.17,50.01,174.77,0.65,10,27,8,3,0,4.0,4.0,4.0,4.0,4.0,0.0,0.0,4.0,4.0,0.0,4.0,4.0,4.0
Lahore,2026-08-27 11:00:00+00:00,4,166.08,0.23,1.89,94.93,2.17,50.83,172.99,1.12,11,27,8,3,0,4.0,4.0,4.0,4.0,4.0,0.0,0.0,4.0,4.0,0.0,4.0,4.0,4.0
Lahore,2026-08-27 12:00:00+00:00,4,184.51,0.25,3.07,90.53,2.27,51.16,171.31,1.56,12,27,8,3,0,4.0,4.0,4.0,4.0,4.0,0.0,0.0,4.0,4.0,0.0,4.0,4.0,4.0
Lahore,2026-08-27 13:00:00+00:00,4,237.77,0.15,6.58,75.86,2.38,51.95,167.97,2.71,13,27,8,3,0,4.0,4.0,4.0,4.0,4.0,0.0,0.0,4.0,4.0,0.0,4.0,4.0,4.0
Lahore,2026-08-27 14:00:00+00:00,4,318.96,0.01,10.7,57.92,2.53,53.46,163.58,4.31,14,27,8,3,0,4.0,4.0,4.0,4.0,4.0,0.0,0.0,4.0,4.0,0.0,4.0,4.0,4.0
Lahore,2026-08-27 15:00:00+00:00,4,386.35,0.0,13.3,46.98,2.75,54.84,160.66,5.54,15,27,8,3,0,4.0,4.0,4.0,4.0,4.0,0.0,0.0,4.0,4.0,0.0,4.0,4.0,4.0
Lahore,2026-08-27 16:00:00+00:00,4,423.58,0.0,14.89,41.53,3.04,55.11,157.4,6.19,16,27,8,3,0,4.0,4.0,4.0,4.0,4.0,0.0,0.0,4.0,4.0,0.0,4.0,4.0,4.0
Lahore,2026-08-27 17:00:00+00:00,4,434.07,0.0,15.24,40.11,3.46,55.02,155.97,6.18,17,27,8,3,0,4.0,4.0,4.0,4.0,5.0,0.0,0.0,4.0,4.0,0.0,4.0,4.0,4.0
Lahore,2026-08-27 18:00:00+00:00,4,428.21,0.0,15.0,39.58,3.92,54.28,154.29,5.91,18,27,8,3,0,4.0,4.0,4.0,4.0,5.0,0.0,0.0,4.0,4.0,0.0,4.0,4.0,4.0
Lahore,2026-08-27 19:00:00+00:00,4,407.99,0.0,14.41,37.65,4.1,52.79,150.34,5.48,19,27,8,3,0,4.0,4.0,4.0,4.0,4.0,0.0,0.0,4.0,4.0,0.0,4.0,4.0,4.0
Lahore,2026-08-27 20:00:00+00:00,4,397.48,0.0,14.24,33.88,3.82,52.01,146.04,5.4,20,27,8,3,0,4.0,4.0,4.0,4.0,4.0,0.0,0.0,4.0,4.0,0.0,4.0,4.0,4.0
Lahore,2026-08-27 21:00:00+00:00,4,383.56,0.0,13.63,31.65,3.34,51.17,142.85,5.4,21,27,8,3,0,4.0,4.0,4.0,4.0,4.0,0.0,0.0,4.0,4.0,0.0,4.0,4.0,4.0
Lahore,2026-08-27 22:00:00+00:00,4,358.27,0.0,12.29,32.14,2.78,49.36,140.02,5.22,22,27,8,3,0,4.0,4.0,4.0,4.0,4.0,0.0,0.0,4.0,4.0,0.0,4.0,4.0,3.0
Lahore,2026-08-27 23:00:00+00:00,4,328.0,0.0,10.81,34.13,2.24,46.96,135.97,4.96,23,27,8,3,0,4.0,4.0,4.0,4.0,4.0,0.0,0.0,4.0,4.0,0.0,4.0,4.0,3.0
Lahore,2026-08-28 00:00:00+00:00,4,290.06,0.0,9.2,36.92,1.85,43.57,130.28,4.58,0,28,8,4,0,4.0,4.0,4.0,4.0,4.0,0.0,0.0,4.0,4.0,0.0,4.0,3.0,3.0
Lahore,2026-08-29 01:00:00+00:00,4,305.47,0.0,9.65,37.22,5.22,47.74,148.85,4.23,1,29,8,5,1,4.0,4.0,4.0,4.0,4.0,0.0,0.0,4.0,4.0,0.0,4.0,3.0,3.0
Lahore,2026-08-29 02:00:00+00:00,4,264.97,0.17,7.95,37.72,3.81,43.43,144.02,3.91,2,29,8,5,1,4.0,4.0,4.0,4.0,4.0,0.0,0.0,4.0,4.0,0.0,4.0,3.0,3.0
Lahore,2026-08-29 03:00:00+00:00,4,233.49,0.86,5.83,41.44,2.72,39.72,140.75,3.48,3,29,8,5,1,4.0,4.0,4.0,4.0,4.0,0.0,0.0,4.0,4.0,0.0,4.0,3.0,3.0
Lahore,2026-08-29 04:00:00+00:00,4,197.11,0.92,3.81,52.83,2.4,37.68,141.6,2.72,4,29,8,5,1,4.0,4.0,4.0,4.0,4.0,0.0,0.0,4.0,4.0,0.0,4.0,3.0,4.0
Lahore,2026-08-29 05:00:00+00:00,4,182.64,0.6,2.62,68.01,2.47,39.96,144.09,2.36,5,29,8,5,1,4.0,4.0,4.0,4.0,4.0,0.0,0.0,4.0,4.0,0.0,4.0,4.0,4.0
Lahore,2026-08-29 06:00:00+00:00,4,172.78,0.34,1.74,84.21,2.54,45.14,150.46,2.06,6,29,8,5,1,4.0,4.0,4.0,4.0,4.0,0.0,0.0,4.0,4.0,0.0,4.0,4.0,4.0
Lahore,2026-08-29 07:00:00+00:00,4,146.94,0.17,0.99,93.85,2.81,46.37,160.28,0.96,7,29,8,5,1,4.0,4.0,4.0,4.0,4.0,0.0,0.0,4.0,4.0,0.0,4.0,4.0,4.0
Lahore,2026-08-29 08:00:00+00:00,4,137.25,0.13,0.79,95.73,2.78,46.31,162.4,0.51,8,29,8,5,1,4.0,4.0,4.0,4.0,4.0,0.0,0.0,4.0,4.0,0.0,4.0,4.0,4.0
Lahore,2026-08-29 09:00:00+00:00,4,135.72,0.12,0.81,96.82,2.7,46.41,161.54,0.43,9,29,8,5,1,4.0,4.0,4.0,4.0,4.0,0.0,0.0,4.0,4.0,0.0,4.0,4.0,4.0
Lahore,2026-08-29 10:00:00+00:00,4,140.46,0.14,1.03,97.17,2.7,47.06,161.86,0.55,10,29,8,5,1,4.0,4.0,4.0,4.0,4.0,0.0,0.0,4.0,4.0,0.0,4.0,4.0,4.0
Lahore,2026-08-29 11:00:00+00:00,4,151.47,0.18,1.59,95.15,2.73,47.73,160.67,0.93,11,29,8,5,1,4.0,4.0,4.0,4.0,4.0,0.0,0.0,4.0,4.0,0.0,4.0,4.0,3.0
Lahore,2026-08-29 12:00:00+00:00,4,164.46,0.18,2.49,91.5,2.8,47.9,159.31,1.32,12,29,8,5,1,4.0,4.0,4.0,4.0,4.0,0.0,0.0,4.0,4.0,0.0,4.0,4.0,3.0
Lahore,2026-08-29 13:00:00+00:00,4,204.69,0.11,5.24,78.02,2.74,48.41,156.04,2.37,13,29,8,5,1,4.0,4.0,4.0,4.0,4.0,0.0,0.0,4.0,4.0,0.0,4.0,4.0,3.0
Lahore,2026-08-29 14:00:00+00:00,4,267.68,0.0,8.55,61.06,2.67,49.45,151.54,3.83,14,29,8,5,1,4.0,4.0,4.0,4.0,4.0,0.0,0.0,4.0,4.0,0.0,4.0,4.0,3.0
Lahore,2026-08-29 15:00:00+00:00,4,322.06,0.0,10.8,50.37,2.72,50.44,148.61,4.95,15,29,8,5,1,4.0,4.0,4.0,4.0,4.0,0.0,0.0,4.0,4.0,0.0,4.0,4.0,3.0
Lahore,2026-08-29 16:00:00+00:00,4,353.89,0.0,12.26,44.49,2.85,50.6,145.87,5.58,16,29,8,5,1,4.0,4.0,4.0,4.0,4.0,0.0,0.0,4.0,4.0,0.0,4.0,4.0,3.0
Lahore,2026-08-29 17:00:00+00:00,4,366.29,0.0,12.77,42.65,3.17,50.71,145.58,5.71,17,29,8,5,1,4.0,4.0,4.0,4.0,4.0,0.0,0.0,4.0,4.0,0.0,4.0,4.0,3.0
Lahore,2026-08-29 18:00:00+00:00,4,363.33,0.0,12.77,42.23,3.62,50.36,145.84,5.51,18,29,8,5,1,4.0,4.0,4.0,4.0,4.0,0.0,0.0,4.0,4.0,0.0,4.0,4.0,3.0
Lahore,2026-08-29 19:00:00+00:00,4,346.18,0.0,12.45,41.3,4.0,49.17,144.23,5.11,19,29,8,5,1,4.0,4.0,4.0,4.0,4.0,0.0,0.0,4.0,4.0,0.0,4.0,4.0,3.0
Lahore,2026-08-29 20:00:00+00:00,4,333.27,0.0,12.25,38.55,4.06,48.13,141.17,4.98,20,29,8,5,1,4.0,4.0,4.0,4.0,4.0,0.0,0.0,4.0,4.0,0.0,4.0,4.0,3.0
Lahore,2026-08-29 21:00:00+00:00,4,318.98,0.0,11.7,36.05,3.78,46.75,137.62,4.96,21,29,8,5,1,4.0,4.0,4.0,4.0,4.0,0.0,0.0,4.0,4.0,0.0,4.0,4.0,3.0
Lahore,2026-08-29 22:00:00+00:00,4,300.72,0.0,10.7,34.84,3.13,44.63,133.0,4.9,22,29,8,5,1,4.0,4.0,4.0,4.0,4.0,0.0,0.0,4.0,4.0,0.0,4.0,3.0,3.0
Lahore,2026-08-29 23:00:00+00:00,4,286.6,0.0,9.98,33.8,2.42,42.61,127.46,4.9,23,29,8,5,1,4.0,4.0,4.0,4.0,4.0,0.0,0.0,4.0,4.0,0.0,4.0,3.0,3.0
Lahore,2026-08-30 00:00:00+00:00,4,268.72,0.0,9.17,33.95,1.88,40.29,122.32,4.79,0,30,8,6,1,4.0,4.0,4.0,4.0,4.0,0.0,0.0,4.0,4.0,0.0,3.0,3.0,3.0
Lahore,2026-08-30 01:00:00+00:00,4,243.11,0.0,8.0,35.52,1.54,37.29,118.28,4.44,1,30,8,6,1,4.0,4.0,4.0,4.0,4.0,0.0,0.0,4.0,4.0,0.0,3.0,3.0,3.0
Lahore,2026-08-30 02:00:00+00:00,4,222.5,0.18,6.86,37.15,1.45,34.5,115.34,4.03,2,30,8,6,1,4.0,4.0,4.0,4.0,4.0,0.0,0.0,4.0,4.0,0.0,3.0,3.0,3.0
Lahore,2026-08-30 03:00:00+00:00,4,201.58,0.83,5.11,41.71,1.6,32.09,114.53,3.43,3,30,8,6,1,4.0,4.0,4.0,4.0,4.0,0.0,0.0,4.0,4.0,0.0,3.0,3.0,3.0
Lahore,2026-08-30 04:00:00+00:00,4,174.74,0.88,3.47,52.09,2.04,31.18,117.34,2.57,4,30,8,6,1,4.0,4.0,4.0,4.0,4.0,0.0,0.0,4.0,4.0,0.0,3.0,4.0,3.0
Lahore,2026-08-30 05:00:00+00:00,4,166.45,0.61,2.49,65.44,2.44,33.9,121.71,2.19,5,30,8,6,1,4.0,4.0,4.0,4.0,4.0,0.0,0.0,4.0,4.0,0.0,4.0,4.0,4.0
Lahore,2026-08-30 06:00:00+00:00,4,159.38,0.35,1.69,80.85,2.68,39.08,129.67,1.86,6,30,8,6,1,4.0,4.0,4.0,4.0,4.0,0.0,0.0,4.0,4.0,0.0,4.0,4.0,4.0
Lahore,2026-08-30 07:00:00+00:00,4,131.06,0.17,0.92,89.9,2.44,38.95,138.94,0.92,7,30,8,6,1,4.0,4.0,4.0,4.0,4.0,0.0,0.0,4.0,4.0,0.0,4.0,4.0,4.0
Lahore,2026-08-30 08:00:00+00:00,4,121.23,0.13,0.74,91.51,2.24,38.17,140.92,0.55,8,30,8,6,1,4.0,4.0,4.0,4.0,4.0,0.0,0.0,4.0,4.0,0.0,4.0,4.0,4.0
Lahore,2026-08-30 09:00:00+00:00,4,119.66,0.13,0.75,93.25,2.25,38.09,140.77,0.47,9,30,8,6,1,4.0,4.0,4.0,4.0,4.0,0.0,0.0,4.0,4.0,0.0,4.0,4.0,4.0
Lahore,2026-08-30 10:00:00+00:00,4,123.81,0.15,0.95,94.84,2.34,38.67,141.15,0.59,10,30,8,6,1,4.0,4.0,4.0,4.0,4.0,0.0,0.0,4.0,4.0,0.0,4.0,4.0,4.0
Lahore,2026-08-30 11:00:00+00:00,4,133.84,0.18,1.42,93.92,2.47,39.37,140.25,0.91,11,30,8,6,1,4.0,4.0,4.0,4.0,4.0,0.0,0.0,4.0,4.0,0.0,4.0,3.0,4.0
Lahore,2026-08-30 12:00:00+00:00,4,145.29,0.18,2.22,90.95,2.65,39.73,139.41,1.25,12,30,8,6,1,4.0,4.0,4.0,4.0,4.0,0.0,0.0,4.0,4.0,0.0,4.0,3.0,4.0
Lahore,2026-08-30 13:00:00+00:00,4,175.39,0.09,4.34,80.5,2.76,40.2,137.27,2.07,13,30,8,6,1,4.0,4.0,4.0,4.0,4.0,0.0,0.0,4.0,4.0,0.0,4.0,3.0,4.0
Lahore,2026-08-30 14:00:00+00:00,4,222.21,0.0,6.84,67.13,2.88,41.23,134.24,3.26,14,30,8,6,1,4.0,4.0,4.0,4.0,4.0,0.0,0.0,4.0,4.0,0.0,4.0,3.0,4.0
Lahore,2026-08-30 15:00:00+00:00,4,263.48,0.0,8.6,59.18,3.15,42.29,132.09,4.21,15,30,8,6,1,4.0,4.0,4.0,4.0,4.0,0.0,0.0,4.0,4.0,0.0,4.0,3.0,3.0
Lahore,2026-08-30 16:00:00+00:00,4,289.94,0.0,10.06,54.6,3.65,42.96,130.0,4.85,16,30,8,6,1,4.0,4.0,4.0,4.0,4.0,0.0,0.0,4.0,4.0,0.0,4.0,3.0,3.0
Lahore,2026-08-30 17:00:00+00:00,4,313.68,0.0,11.38,50.75,4.23,44.01,130.28,5.34,17,30,8,6,1,4.0,4.0,4.0,4.0,4.0,0.0,0.0,4.0,4.0,0.0,4.0,3.0,3.0
Lahore,2026-08-30 18:00:00+00:00,4,334.82,0.0,12.58,46.1,4.52,44.81,130.1,5.67,18,30,8,6,1,4.0,4.0,4.0,4.0,4.0,0.0,0.0,4.0,4.0,0.0,4.0,3.0,3.0
Lahore,2026-08-30 19:00:00+00:00,4,339.42,0.0,13.1,41.78,4.49,44.46,127.73,5.62,19,30,8,6,1,4.0,4.0,4.0,4.0,4.0,0.0,0.0,4.0,4.0,0.0,4.0,3.0,3.0
Lahore,2026-08-30 20:00:00+00:00,4,332.1,0.0,12.95,39.09,4.45,43.45,124.92,5.43,20,30,8,6,1,4.0,4.0,4.0,4.0,4.0,0.0,0.0,4.0,4.0,0.0,4.0,3.0,3.0
Lahore,2026-08-30 21:00:00+00:00,4,308.21,0.0,11.81,38.67,4.3,41.08,120.44,5.09,21,30,8,6,1,4.0,4.0,4.0,4.0,4.0,0.0,0.0,4.0,4.0,0.0,4.0,3.0,3.0
Lahore,2026-08-30 22:00:00+00:00,4,254.19,0.0,9.0,42.7,3.9,36.01,114.0,4.34,22,30,8,6,1,4.0,4.0,4.0,4.0,4.0,0.0,0.0,4.0,4.0,0.0,3.0,3.0,3.0
Lahore,2026-08-30 23:00:00+00:00,4,227.61,0.0,7.72,41.85,2.77,31.97,104.14,4.2,23,30,8,6,1,4.0,4.0,4.0,4.0,4.0,0.0,0.0,4.0,4.0,0.0,3.0,3.0,3.0
Lahore,2026-08-31 00:00:00+00:00,3,206.21,0.0,6.79,41.57,1.96,28.45,95.83,4.04,0,31,8,0,0,4.0,4.0,4.0,4.0,4.0,-1.0,-0.25,3.6666666666666665,3.8333333333333335,0.408248290463866,3.0,3.0,3.0
Lahore,2026-08-31 01:00:00+00:00,3,188.74,0.0,6.07,41.63,1.58,25.71,90.48,3.81,1,31,8,0,0,3.0,4.0,4.0,4.0,4.0,0.0,0.0,3.3333333333333335,3.6666666666666665,0.5163977794943242,3.0,3.0,3.0
Lahore,2026-08-31 02:00:00+00:00,3,182.63,0.12,5.65,41.57,1.57,24.2,89.12,3.59,2,31,8,0,0,3.0,4.0,4.0,4.0,4.0,0.0,0.0,3.0,3.5,0.5477225575051676,3.0,3.0,3.0
Lahore,2026-08-31 03:00:00+00:00,3,179.82,0.7,4.72,44.12,1.77,23.69,91.51,3.24,3,31,8,0,0,3.0,3.0,4.0,4.0,4.0,0.0,0.0,3.0,3.3333333333333335,0.5163977794943235,3.0,3.0,3.0
Lahore,2026-08-31 04:00:00+00:00,3,167.3,0.86,3.47,53.01,2.14,24.5,97.16,2.53,4,31,8,0,0,3.0,3.0,4.0,4.0,4.0,0.0,0.0,3.0,3.1666666666666665,0.4082482904638643,4.0,3.0,4.0
Lahore,2026-08-31 05:00:00+00:00,4,161.84,0.61,2.52,66.4,2.5,27.84,103.66,2.16,5,31,8,0,0,3.0,3.0,4.0,4.0,4.0,1.0,0.33333333333333326,3.3333333333333335,3.1666666666666665,0.4082482904638643,4.0,4.0,4.0
Lahore,2026-08-31 06:00:00+00:00,4,154.9,0.36,1.71,81.56,2.69,33.22,111.54,1.89,6,31,8,0,0,4.0,3.0,3.0,4.0,4.0,0.0,0.0,3.6666666666666665,3.3333333333333335,0.5163977794943235,4.0,4.0,4.0
Lahore,2026-08-31 07:00:00+00:00,4,132.16,0.19,0.99,88.83,2.25,33.11,114.46,1.11,7,31,8,0,0,4.0,3.0,3.0,4.0,4.0,0.0,0.0,4.0,3.5,0.5477225575051676,4.0,4.0,4.0
Lahore,2026-08-31 08:00:00+00:00,4,122.53,0.15,0.81,89.65,1.98,32.14,114.68,0.78,8,31,8,0,0,4.0,4.0,3.0,4.0,4.0,0.0,0.0,4.0,3.6666666666666665,0.5163977794943242,4.0,4.0,4.0
Lahore,2026-08-31 09:00:00+00:00,4,120.59,0.14,0.84,91.39,2.04,31.98,113.64,0.67,9,31,8,0,0,4.0,4.0,3.0,4.0,4.0,0.0,0.0,4.0,3.8333333333333335,0.408248290463866,4.0,4.0,4.0
Lahore,2026-08-31 10:00:00+00:00,4,124.39,0.15,1.04,93.67,2.22,32.33,112.72,0.72,10,31,8,0,0,4.0,4.0,3.0,4.0,4.0,0.0,0.0,4.0,4.0,0.0,4.0,4.0,4.0
Lahore,2026-08-31 11:00:00+00:00,4,134.0,0.19,1.52,94.0,2.45,32.89,111.02,0.97,11,31,8,0,0,4.0,4.0,4.0,4.0,4.0,0.0,0.0,4.0,4.0,0.0,3.0,4.0,4.0
Lahore,2026-08-31 12:00:00+00:00,4,145.42,0.18,2.37,91.92,2.75,33.0,108.99,1.23,12,31,8,0,0,4.0,4.0,4.0,3.0,4.0,0.0,0.0,4.0,4.0,0.0,3.0,4.0,4.0
Lahore,2026-08-31 13:00:00+00:00,4,169.72,0.07,4.2,84.85,3.04,33.08,106.75,1.79,13,31,8,0,0,4.0,4.0,4.0,3.0,4.0,0.0,0.0,4.0,4.0,0.0,3.0,4.0,4.0
Lahore,2026-08-31 14:00:00+00:00,4,206.22,0.0,6.15,76.02,3.38,33.53,104.34,2.62,14,31,8,0,0,4.0,4.0,4.0,3.0,4.0,0.0,0.0,4.0,4.0,0.0,3.0,4.0,4.0
Lahore,2026-08-31 15:00:00+00:00,4,236.09,0.0,7.47,70.72,3.94,33.98,102.62,3.29,15,31,8,0,0,4.0,4.0,4.0,3.0,4.0,0.0,0.0,4.0,4.0,0.0,3.0,3.0,4.0
Lahore,2026-08-31 16:00:00+00:00,4,266.83,0.0,9.28,64.5,4.57,34.49,100.33,4.06,16,31,8,0,0,4.0,4.0,4.0,3.0,4.0,0.0,0.0,4.0,4.0,0.0,3.0,3.0,4.0
Lahore,2026-08-31 17:00:00+00:00,4,312.03,0.0,11.79,55.81,5.0,35.93,100.16,5.08,17,31,8,0,0,4.0,4.0,4.0,4.0,4.0,0.0,0.0,4.0,4.0,0.0,3.0,3.0,4.0
Lahore,2026-08-31 18:00:00+00:00,4,351.67,0.0,13.96,47.7,5.2,37.24,100.82,5.74,18,31,8,0,0,4.0,4.0,4.0,4.0,4.0,0.0,0.0,4.0,4.0,0.0,3.0,3.0,4.0
Lahore,2026-08-31 19:00:00+00:00,4,370.1,0.0,15.18,41.35,5.24,37.63,100.54,5.86,19,31,8,0,0,4.0,4.0,4.0,4.0,4.0,0.0,0.0,4.0,4.0,0.0,3.0,3.0,4.0
Lahore,2026-08-31 20:00:00+00:00,4,376.62,0.0,15.63,37.12,5.37,37.84,100.66,5.83,20,31,8,0,0,4.0,4.0,4.0,4.0,4.0,0.0,0.0,4.0,4.0,0.0,3.0,3.0,4.0
Lahore,2026-08-31 21:00:00+00:00,4,377.76,0.0,15.56,33.7,5.31,37.83,100.21,5.81,21,31,8,0,0,4.0,4.0,4.0,4.0,4.0,0.0,0.0,4.0,4.0,0.0,3.0,3.0,4.0
Lahore,2026-08-31 22:00:00+00:00,3,356.58,0.0,14.13,33.49,5.14,36.67,98.96,5.54,22,31,8,0,0,4.0,4.0,4.0,4.0,4.0,-1.0,-0.25,3.6666666666666665,3.8333333333333335,0.408248290463866,3.0,3.0,4.0
Lahore,2026-08-31 23:00:00+00:00,3,337.89,0.0,13.07,32.74,4.48,35.28,96.32,5.37,23,31,8,0,0,3.0,4.0,4.0,4.0,4.0,0.0,0.0,3.3333333333333335,3.6666666666666665,0.5163977794943242,3.0,3.0,4.0
Lahore,2026-09-01 00:00:00+00:00,3,310.5,0.0,11.74,33.21,3.78,33.26,94.2,5.15,0,1,9,1,0,3.0,4.0,4.0,4.0,3.0,0.0,0.0,3.0,3.5,0.5477225575051676,3.0,3.0,4.0
Lahore,2026-09-01 01:00:00+00:00,3,266.05,0.0,9.11,35.25,3.06,30.36,92.87,4.35,1,1,9,1,0,3.0,3.0,4.0,4.0,3.0,0.0,0.0,3.0,3.3333333333333335,0.5163977794943235,3.0,3.0,4.0
Lahore,2026-09-01 02:00:00+00:00,3,236.21,0.13,7.12,36.32,2.44,28.21,93.61,3.75,2,1,9,1,0,3.0,3.0,4.0,4.0,3.0,0.0,0.0,3.0,3.1666666666666665,0.4082482904638643,3.0,3.0,4.0
Lahore,2026-09-01 03:00:00+00:00,3,215.58,0.75,5.33,39.17,2.14,26.8,96.52,3.31,3,1,9,1,0,3.0,3.0,4.0,4.0,3.0,0.0,0.0,3.0,3.0,0.0,3.0,3.0,4.0
Lahore,2026-09-01 04:00:00+00:00,4,190.31,0.97,3.79,47.36,2.3,26.34,100.64,2.75,4,1,9,1,0,3.0,3.0,3.0,4.0,3.0,1.0,0.33333333333333326,3.3333333333333335,3.1666666666666665,0.4082482904638643,3.0,4.0,4.0
Lahore,2026-09-01 05:00:00+00:00,4,179.65,0.73,2.78,59.62,2.5,28.4,103.86,2.48,5,1,9,1,0,4.0,3.0,3.0,4.0,4.0,0.0,0.0,3.6666666666666665,3.3333333333333335,0.5163977794943235,4.0,4.0,4.0
Lahore,2026-09-01 06:00:00+00:00,4,171.4,0.41,1.88,75.83,2.58,33.36,109.56,2.2,6,1,9,1,0,4.0,3.0,3.0,4.0,4.0,0.0,0.0,4.0,3.5,0.5477225575051676,4.0,4.0,4.0
Lahore,2026-09-01 07:00:00+00:00,4,135.15,0.19,0.95,84.23,2.0,32.29,110.29,1.1,7,1,9,1,0,4.0,4.0,3.0,4.0,4.0,0.0,0.0,4.0,3.6666666666666665,0.5163977794943242,4.0,4.0,4.0
Lahore,2026-09-01 08:00:00+00:00,4,121.07,0.13,0.7,85.03,1.71,30.7,107.95,0.64,8,1,9,1,0,4.0,4.0,3.0,4.0,4.0,0.0,0.0,4.0,3.8333333333333335,0.408248290463866,4.0,4.0,4.0
Lahore,2026-09-01 09:00:00+00:00,4,118.03,0.12,0.7,86.19,1.74,30.02,105.0,0.51,9,1,9,1,0,4.0,4.0,3.0,4.0,4.0,0.0,0.0,4.0,4.0,0.0,4.0,4.0,4.0
Lahore,2026-09-01 10:00:00+00:00,4,123.12,0.15,0.94,86.22,1.89,29.97,102.18,0.66,10,1,9,1,0,4.0,4.0,4.0,3.0,4.0,0.0,0.0,4.0,4.0,0.0,4.0,4.0,4.0
Lahore,2026-09-01 11:00:00+00:00,3,135.39,0.19,1.49,83.99,2.13,30.17,99.45,1.01,11,1,9,1,0,4.0,4.0,4.0,3.0,4.0,-1.0,-0.25,3.6666666666666665,3.8333333333333335,0.408248290463866,4.0,4.0,4.0
Lahore,2026-09-01 12:00:00+00:00,3,149.83,0.19,2.42,80.91,2.45,30.16,97.38,1.34,12,1,9,1,0,3.0,4.0,4.0,3.0,4.0,0.0,0.0,3.3333333333333335,3.6666666666666665,0.5163977794943242,4.0,4.0,3.0
Lahore,2026-09-01 13:00:00+00:00,3,184.25,0.08,4.58,71.19,2.64,30.62,96.43,2.02,13,1,9,1,0,3.0,4.0,4.0,3.0,4.0,0.0,0.0,3.0,3.5,0.5477225575051676,4.0,4.0,3.0
Lahore,2026-09-01 14:00:00+00:00,3,235.76,0.0,6.75,58.32,2.74,31.67,96.06,2.94,14,1,9,1,0,3.0,3.0,4.0,3.0,4.0,0.0,0.0,3.0,3.3333333333333335,0.5163977794943235,4.0,4.0,3.0
Lahore,2026-09-01 15:00:00+00:00,3,280.72,0.0,8.06,49.53,2.92,32.82,95.92,3.68,15,1,9,1,0,3.0,3.0,4.0,3.0,4.0,0.0,0.0,3.0,3.1666666666666665,0.4082482904638643,3.0,4.0,3.0
Lahore,2026-09-01 16:00:00+00:00,3,307.94,0.0,8.87,44.04,3.19,33.54,95.12,4.08,16,1,9,1,0,3.0,3.0,4.0,4.0,4.0,0.0,0.0,3.0,3.0,0.0,3.0,4.0,3.0
Lahore,2026-09-01 17:00:00+00:00,3,322.96,0.0,9.29,41.92,3.57,34.38,96.18,4.27,17,1,9,1,0,3.0,3.0,3.0,4.0,4.0,0.0,0.0,3.0,3.0,0.0,3.0,4.0,3.0
Lahore,2026-09-01 18:00:00+00:00,3,330.28,0.0,9.52,40.98,3.79,34.97,97.04,4.29,18,1,9,1,0,3.0,3.0,3.0,4.0,4.0,0.0,0.0,3.0,3.0,0.0,3.0,4.0,3.0
Lahore,2026-09-01 19:00:00+00:00,3,319.0,0.0,9.19,41.09,3.83,34.66,96.01,3.95,19,1,9,1,0,3.0,3.0,3.0,4.0,4.0,0.0,0.0,3.0,3.0,0.0,3.0,4.0,4.0
Lahore,2026-09-01 20:00:00+00:00,3,302.9,0.0,8.52,40.78,3.8,34.29,94.34,3.61,20,1,9,1,0,3.0,3.0,3.0,4.0,4.0,0.0,0.0,3.0,3.0,0.0,3.0,4.0,4.0
Lahore,2026-09-01 21:00:00+00:00,3,286.76,0.0,7.64,40.08,3.78,33.66,92.37,3.35,21,1,9,1,0,3.0,3.0,3.0,4.0,4.0,0.0,0.0,3.0,3.0,0.0,3.0,4.0,4.0
Lahore,2026-09-01 22:00:00+00:00,3,266.3,0.0,6.77,39.34,3.84,32.36,89.34,3.17,22,1,9,1,0,3.0,3.0,3.0,4.0,3.0,0.0,0.0,3.0,3.0,0.0,3.0,4.0,4.0
Lahore,2026-09-01 23:00:00+00:00,3,252.88,0.0,6.23,37.13,3.62,31.24,85.91,3.15,23,1,9,1,0,3.0,3.0,3.0,3.0,3.0,0.0,0.0,3.0,3.0,0.0,3.0,4.0,4.0
Lahore,2026-09-02 00:00:00+00:00,3,243.85,0.0,5.83,34.37,3.13,30.44,82.66,3.09,0,2,9,2,0,3.0,3.0,3.0,3.0,3.0,0.0,0.0,3.0,3.0,0.0,3.0,4.0,4.0
Lahore,2026-09-02 01:00:00+00:00,3,251.86,0.0,5.93,30.72,2.31,29.67,82.66,3.64,1,2,9,2,0,3.0,3.0,3.0,3.0,3.0,0.0,0.0,3.0,3.0,0.0,3.0,4.0,4.0
Lahore,2026-09-02 02:00:00+00:00,3,267.29,0.21,6.04,28.51,2.2,30.08,85.16,3.88,2,2,9,2,0,3.0,3.0,3.0,3.0,3.0,0.0,0.0,3.0,3.0,0.0,3.0,4.0,3.0
Lahore,2026-09-02 03:00:00+00:00,3,279.74,1.17,5.24,31.02,2.24,30.22,90.21,3.92,3,2,9,2,0,3.0,3.0,3.0,3.0,3.0,0.0,0.0,3.0,3.0,0.0,3.0,4.0,3.0
Lahore,2026-09-02 04:00:00+00:00,3,249.47,1.18,4.0,44.18,2.42,29.55,97.82,3.46,4,2,9,2,0,3.0,3.0,3.0,3.0,4.0,0.0,0.0,3.0,3.0,0.0,4.0,4.0,3.0
Lahore,2026-09-02 05:00:00+00:00,4,240.06,0.77,3.09,61.72,2.32,33.06,104.47,3.32,5,2,9,2,0,3.0,3.0,3.0,3.0,4.0,1.0,0.33333333333333326,3.3333333333333335,3.1666666666666665,0.4082482904638643,4.0,4.0,4.0
Lahore,2026-09-02 06:00:00+00:00,4,235.02,0.42,2.17,82.28,2.23,40.82,114.06,3.2,6,2,9,2,0,4.0,3.0,3.0,3.0,4.0,0.0,0.0,3.6666666666666665,3.3333333333333335,0.5163977794943235,4.0,4.0,4.0
Lahore,2026-09-02 07:00:00+00:00,4,171.08,0.19,1.06,88.87,1.89,36.18,113.98,1.84,7,2,9,2,0,4.0,3.0,3.0,3.0,4.0,0.0,0.0,4.0,3.5,0.5477225575051676,4.0,4.0,4.0
Lahore,2026-09-02 08:00:00+00:00,4,142.46,0.13,0.75,87.36,1.67,32.69,109.63,1.18,8,2,9,2,0,4.0,4.0,3.0,3.0,4.0,0.0,0.0,4.0,3.6666666666666665,0.5163977794943242,4.0,4.0,3.0
Lahore,2026-09-02 09:00:00+00:00,4,136.37,0.12,0.73,87.04,1.58,31.89,107.12,1.03,9,2,9,2,0,4.0,4.0,3.0,3.0,4.0,0.0,0.0,4.0,3.8333333333333335,0.408248290463866,4.0,4.0,3.0
Lahore,2026-09-02 10:00:00+00:00,4,138.73,0.13,0.87,87.12,1.52,31.88,106.07,1.08,10,2,9,2,0,4.0,4.0,3.0,3.0,4.0,0.0,0.0,4.0,4.0,0.0,4.0,4.0,3.0
